"ID","Age","Gender","Habitat","Income","Married","Children","Car","Savings_Account","Current_Account","Loan","Family_Quotient","Product"
12101,48,"F","City_center",140368,"No",1,"No","No","No","No",140368,"Yes"
12102,40,"M","Small_town",249360,"Yes",3,"Yes","No","Yes","Yes",83120,"No"
12103,51,"F","City_center",132600,"Yes",0,"Yes","Yes","Yes","No",132600,"No"
12104,23,"F","Small_town",163000,"Yes",3,"No","No","Yes","No","54333.3333333333","No"
12105,57,"F","Rural",414024,"Yes",0,"No","Yes","No","No",414024,"No"
12106,57,"F","Small_town",302952,"Yes",2,"No","Yes","Yes","No",151476,"Yes"
12107,22,"M","Rural",71016,"No",0,"No","No","Yes","No",71016,"Yes"
12108,58,"M","Small_town",199568,"Yes",0,"Yes","Yes","Yes","No",199568,"No"
12109,37,"F","Suburban",202432,"Yes",2,"Yes","No","No","No",101216,"No"
12110,54,"M","Small_town",193696,"Yes",2,"Yes","Yes","Yes","No",96848,"No"
12111,66,"F","Small_town",478424,"Yes",0,"No","Yes","Yes","No",478424,"No"
12112,52,"F","City_center",213264,"No",0,"Yes","Yes","Yes","Yes",213264,"No"
12113,44,"F","Small_town",157288,"Yes",1,"No","Yes","Yes","Yes",157288,"Yes"
12114,66,"F","Small_town",441632,"Yes",1,"Yes","Yes","Yes","Yes",441632,"Yes"
12115,36,"M","Rural",155792,"Yes",0,"No","Yes","Yes","Yes",155792,"No"
12116,38,"F","City_center",178736,"Yes",0,"Yes","Yes","Yes","Yes",178736,"No"
12117,37,"F","Small_town",141832,"Yes",2,"No","No","No","Yes",70916,"No"
12118,46,"F","Suburban",328128,"Yes",0,"No","Yes","No","Yes",328128,"No"
12119,62,"F","City_center",215272,"Yes",0,"No","Yes","No","No",215272,"Yes"
12120,31,"M","Small_town",180176,"Yes",0,"Yes","Yes","Yes","No",180176,"No"
12121,61,"M","City_center",463040,"Yes",2,"No","Yes","No","No",231520,"Yes"
12122,50,"M","Small_town",131976,"Yes",2,"No","Yes","Yes","No",65988,"No"
12123,54,"M","City_center",283264,"Yes",0,"No","Yes","Yes","No",283264,"No"
12124,27,"F","Small_town",124304,"No",0,"Yes","Yes","Yes","Yes",124304,"No"
12125,22,"M","City_center",122936,"No",2,"Yes","Yes","Yes","No",61468,"No"
12126,56,"M","City_center",298744,"Yes",0,"Yes","Yes","Yes","Yes",298744,"No"
12127,45,"M","City_center",166472,"Yes",0,"No","Yes","Yes","Yes",166472,"No"
12128,39,"F","Small_town",164352,"Yes",1,"No","No","Yes","No",164352,"Yes"
12129,39,"F","City_center",234872,"No",3,"Yes","No","Yes","Yes","78290.6666666667","No"
12130,61,"M","Rural",194160,"Yes",1,"No","No","Yes","No",194160,"Yes"
12131,61,"F","Rural",183536,"Yes",2,"No","Yes","Yes","No",91768,"No"
12132,20,"F","Small_town",130600,"Yes",2,"No","Yes","No","No",65300,"No"
12133,45,"M","Suburban",187544,"Yes",1,"Yes","Yes","Yes","No",187544,"Yes"
12134,33,"F","City_center",227952,"No",3,"Yes","Yes","No","No",75984,"No"
12135,43,"M","Suburban",300168,"No",0,"No","Yes","Yes","No",300168,"Yes"
12136,27,"F","City_center",158944,"Yes",2,"No","Yes","Yes","No",79472,"No"
12137,19,"M","Rural",111168,"Yes",3,"Yes","Yes","Yes","No",37056,"No"
12138,36,"F","Rural",107048,"No",0,"Yes","No","Yes","No",107048,"Yes"
12139,43,"F","Small_town",148032,"Yes",0,"Yes","Yes","Yes","No",148032,"No"
12140,66,"F","Suburban",203128,"No",2,"No","No","Yes","No",101564,"No"
12141,55,"M","Small_town",214192,"Yes",0,"No","No","Yes","Yes",214192,"Yes"
12142,47,"F","City_center",215616,"Yes",0,"Yes","No","Yes","No",215616,"No"
12143,67,"M","Small_town",445728,"No",2,"Yes","Yes","No","No",222864,"Yes"
12144,32,"F","Small_town",220568,"Yes",0,"Yes","No","Yes","Yes",220568,"No"
12145,20,"M","City_center",134360,"No",2,"Yes","Yes","Yes","Yes",67180,"No"
12146,64,"M","City_center",421360,"Yes",2,"No","Yes","Yes","Yes",210680,"Yes"
12147,50,"F","City_center",132824,"No",1,"Yes","Yes","Yes","No",132824,"Yes"
12148,29,"M","City_center",104848,"No",2,"No","Yes","Yes","Yes",52424,"Yes"
12149,52,"M","City_center",316376,"No",2,"Yes","No","Yes","No",158188,"Yes"
12150,47,"F","Rural",142936,"Yes",2,"Yes","Yes","No","No",71468,"No"
12151,24,"M","Small_town",114472,"No",2,"Yes","Yes","No","No",57236,"No"
12152,36,"M","Small_town",212096,"Yes",0,"No","No","No","No",212096,"No"
12153,43,"M","Small_town",130072,"Yes",1,"No","Yes","Yes","No",130072,"Yes"
12154,48,"M","Suburban",238352,"No",1,"No","Yes","Yes","No",238352,"Yes"
12155,63,"M","Small_town",454736,"Yes",0,"No","Yes","Yes","Yes",454736,"No"
12156,52,"F","Rural",382680,"No",3,"No","Yes","No","No",127560,"Yes"
12157,58,"F","City_center",199816,"No",0,"No","No","Yes","No",199816,"Yes"
12158,28,"M","City_center",184992,"Yes",0,"No","Yes","Yes","No",184992,"Yes"
12159,29,"F","City_center",142184,"Yes",0,"No","No","Yes","No",142184,"No"
12160,34,"M","City_center",202672,"No",1,"Yes","Yes","Yes","Yes",202672,"Yes"
12161,42,"F","City_center",198104,"Yes",1,"No","Yes","Yes","Yes",198104,"Yes"
12162,65,"F","City_center",265648,"No",1,"Yes","No","Yes","No",265648,"Yes"
12163,47,"M","City_center",216176,"Yes",2,"No","Yes","Yes","No",108088,"No"
12164,20,"M","City_center",93600,"Yes",0,"No","Yes","No","No",93600,"No"
12165,21,"M","Small_town",61032,"No",0,"Yes","Yes","Yes","Yes",61032,"No"
12166,42,"M","City_center",139120,"Yes",0,"No","Yes","Yes","No",139120,"No"
12167,19,"M","Small_town",86888,"No",2,"No","Yes","Yes","No",43444,"No"
12168,41,"F","Small_town",279136,"No",0,"No","Yes","Yes","Yes",279136,"No"
12169,30,"M","Small_town",155224,"No",2,"No","Yes","Yes","No",77612,"No"
12170,31,"F","Rural",83528,"Yes",2,"No","No","Yes","No",41764,"Yes"
12171,25,"M","City_center",112512,"Yes",3,"Yes","Yes","Yes","No",37504,"No"
12172,21,"M","City_center",64496,"No",0,"No","No","Yes","No",64496,"Yes"
12173,36,"M","City_center",255856,"Yes",3,"Yes","Yes","Yes","Yes","85285.3333333333","Yes"
12174,58,"F","City_center",185576,"Yes",2,"No","Yes","No","Yes",92788,"No"
12175,64,"F","City_center",421392,"No",2,"Yes","Yes","Yes","No",210696,"Yes"
12176,59,"F","Rural",284880,"No",2,"Yes","No","No","No",142440,"Yes"
12177,45,"F","Small_town",215584,"No",0,"No","Yes","Yes","Yes",215584,"No"
12178,61,"M","City_center",395648,"Yes",1,"Yes","Yes","Yes","Yes",395648,"Yes"
12179,30,"F","City_center",117792,"Yes",0,"Yes","No","Yes","No",117792,"No"
12180,58,"F","Small_town",276192,"Yes",2,"Yes","Yes","No","No",138096,"Yes"
12181,50,"F","Small_town",176416,"No",3,"No","Yes","Yes","No","58805.3333333333","Yes"
12182,30,"M","City_center",222464,"No",3,"No","No","Yes","No","74154.6666666667","No"
12183,29,"F","City_center",93880,"Yes",1,"No","Yes","Yes","No",93880,"No"
12184,35,"M","City_center",116968,"Yes",1,"No","Yes","Yes","No",116968,"Yes"
12185,62,"M","City_center",192208,"Yes",0,"No","No","Yes","Yes",192208,"Yes"
12186,36,"M","City_center",253464,"Yes",1,"Yes","Yes","Yes","No",253464,"Yes"
12187,25,"F","City_center",124200,"Yes",0,"No","Yes","Yes","No",124200,"No"
12188,66,"F","Small_town",189360,"No",0,"Yes","Yes","Yes","Yes",189360,"No"
12189,30,"M","Suburban",126784,"Yes",0,"Yes","Yes","No","Yes",126784,"No"
12190,54,"F","City_center",248760,"Yes",2,"No","No","Yes","No",124380,"Yes"
12191,37,"M","Small_town",194840,"Yes",1,"Yes","No","Yes","Yes",194840,"Yes"
12192,28,"F","City_center",203432,"No",2,"No","Yes","Yes","Yes",101716,"No"
12193,53,"F","Rural",291888,"No",0,"No","No","Yes","No",291888,"Yes"
12194,61,"M","City_center",340632,"Yes",2,"Yes","Yes","Yes","No",170316,"No"
12195,61,"F","City_center",329016,"Yes",0,"Yes","Yes","No","No",329016,"No"
12196,18,"F","City_center",79920,"Yes",0,"No","Yes","Yes","No",79920,"No"
12197,22,"M","City_center",63584,"Yes",1,"No","No","No","Yes",63584,"No"
12198,34,"M","Small_town",246960,"Yes",2,"Yes","Yes","Yes","Yes",123480,"Yes"
12199,35,"F","City_center",97000,"No",2,"No","Yes","Yes","No",48500,"No"
12200,18,"F","Rural",122784,"Yes",0,"Yes","No","Yes","No",122784,"No"
12201,54,"M","City_center",213656,"Yes",1,"No","Yes","Yes","Yes",213656,"Yes"
12202,27,"F","City_center",92832,"Yes",2,"Yes","Yes","Yes","No",46416,"No"
12203,42,"M","City_center",123992,"Yes",0,"Yes","No","Yes","Yes",123992,"Yes"
12204,43,"M","Small_town",259192,"No",0,"No","Yes","Yes","Yes",259192,"No"
12205,64,"F","City_center",276104,"Yes",1,"No","Yes","Yes","No",276104,"Yes"
12206,43,"M","Small_town",259160,"Yes",3,"Yes","Yes","Yes","No","86386.6666666667","No"
12207,49,"M","Rural",373064,"Yes",0,"Yes","Yes","No","No",373064,"No"
12208,23,"M","City_center",104312,"Yes",0,"No","No","Yes","No",104312,"No"
12209,23,"M","City_center",101448,"No",0,"No","Yes","Yes","No",101448,"Yes"
12210,30,"F","City_center",192248,"Yes",2,"Yes","Yes","Yes","Yes",96124,"No"
12211,36,"M","Small_town",269008,"No",2,"No","Yes","Yes","No",134504,"Yes"
12212,34,"M","City_center",196760,"Yes",3,"Yes","No","No","Yes","65586.6666666667","No"
12213,51,"F","City_center",296752,"Yes",0,"Yes","No","Yes","No",296752,"No"
12214,36,"M","Small_town",269040,"No",2,"Yes","Yes","Yes","No",134520,"Yes"
12215,56,"M","City_center",345824,"Yes",1,"Yes","Yes","Yes","No",345824,"Yes"
12216,54,"F","City_center",382368,"Yes",0,"No","Yes","Yes","No",382368,"No"
12217,56,"F","Small_town",173840,"Yes",2,"No","Yes","No","No",86920,"No"
12218,26,"M","City_center",80352,"Yes",3,"No","Yes","Yes","Yes",26784,"No"
12219,39,"M","Small_town",138160,"No",0,"Yes","No","No","No",138160,"Yes"
12220,64,"F","Rural",394272,"Yes",3,"Yes","Yes","Yes","No",131424,"Yes"
12221,46,"M","Rural",229320,"No",2,"No","Yes","No","Yes",114660,"No"
12222,62,"F","Rural",408144,"Yes",1,"Yes","Yes","Yes","No",408144,"Yes"
12223,36,"F","Small_town",166392,"Yes",1,"No","Yes","No","Yes",166392,"Yes"
12224,35,"F","Rural",264224,"No",1,"No","Yes","Yes","No",264224,"Yes"
12225,47,"M","Rural",360248,"No",3,"Yes","Yes","No","No","120082.666666667","Yes"
12226,47,"M","City_center",312080,"Yes",2,"No","No","Yes","No",156040,"Yes"
12227,37,"F","Small_town",202056,"Yes",0,"Yes","Yes","Yes","No",202056,"No"
12228,48,"F","City_center",340824,"Yes",0,"No","Yes","Yes","No",340824,"No"
12229,41,"M","Small_town",112736,"Yes",3,"Yes","Yes","Yes","No","37578.6666666667","No"
12230,27,"F","Rural",170800,"No",0,"Yes","Yes","Yes","No",170800,"Yes"
12231,43,"M","City_center",185968,"No",2,"No","No","Yes","No",92984,"No"
12232,61,"M","Rural",332872,"Yes",3,"No","Yes","Yes","Yes","110957.333333333","No"
12233,52,"F","Suburban",133728,"No",2,"Yes","Yes","Yes","No",66864,"No"
12234,64,"F","Suburban",291488,"Yes",0,"Yes","No","Yes","No",291488,"No"
12235,66,"F","Small_town",476024,"Yes",2,"Yes","Yes","Yes","Yes",238012,"Yes"
12236,53,"F","Small_town",250672,"Yes",1,"Yes","Yes","Yes","No",250672,"Yes"
12237,20,"F","City_center",82960,"Yes",2,"Yes","No","Yes","Yes",41480,"No"
12238,57,"F","City_center",313640,"No",0,"No","Yes","Yes","No",313640,"Yes"
12239,65,"F","Rural",337384,"Yes",0,"No","Yes","Yes","No",337384,"No"
12240,64,"F","City_center",426344,"No",1,"No","Yes","Yes","No",426344,"Yes"
12241,52,"M","City_center",296760,"Yes",3,"No","Yes","Yes","No",98920,"No"
12242,47,"F","City_center",182328,"Yes",0,"No","No","Yes","No",182328,"No"
12243,28,"F","Small_town",113376,"Yes",1,"Yes","No","No","Yes",113376,"No"
12244,64,"M","Small_town",391792,"Yes",0,"Yes","Yes","Yes","Yes",391792,"No"
12245,25,"M","City_center",151384,"Yes",1,"No","Yes","Yes","No",151384,"Yes"
12246,58,"M","Suburban",409632,"Yes",0,"No","Yes","No","Yes",409632,"Yes"
12247,34,"M","Small_town",161888,"Yes",2,"Yes","No","Yes","No",80944,"No"
12248,20,"F","City_center",145016,"No",2,"No","Yes","Yes","No",72508,"No"
12249,63,"M","Rural",205856,"Yes",0,"Yes","Yes","No","No",205856,"No"
12250,30,"F","Suburban",225920,"Yes",3,"Yes","Yes","Yes","No","75306.6666666667","No"
12251,53,"M","Rural",225544,"Yes",1,"Yes","Yes","Yes","No",225544,"Yes"
12252,43,"M","Small_town",291456,"No",2,"Yes","No","Yes","No",145728,"Yes"
12253,63,"M","Small_town",411248,"Yes",2,"No","Yes","No","Yes",205624,"Yes"
12254,33,"M","City_center",196232,"Yes",1,"No","Yes","Yes","Yes",196232,"Yes"
12255,41,"M","Rural",186848,"No",2,"Yes","No","No","No",93424,"No"
12256,20,"F","Suburban",65144,"Yes",2,"No","Yes","Yes","No",32572,"Yes"
12257,50,"M","Small_town",211696,"Yes",0,"Yes","Yes","Yes","No",211696,"No"
12258,24,"M","Rural",131784,"Yes",2,"Yes","Yes","Yes","No",65892,"No"
12259,60,"F","Small_town",172048,"Yes",0,"No","No","Yes","No",172048,"Yes"
12260,44,"F","Small_town",153472,"Yes",1,"No","Yes","Yes","No",153472,"Yes"
12261,23,"M","City_center",151000,"Yes",2,"Yes","Yes","Yes","No",75500,"No"
12262,40,"F","City_center",103816,"Yes",0,"No","No","No","No",103816,"No"
12263,49,"F","Small_town",142240,"No",3,"No","No","Yes","No","47413.3333333333","No"
12264,21,"F","Small_town",60392,"No",1,"Yes","No","Yes","No",60392,"No"
12265,40,"F","City_center",199232,"Yes",0,"No","No","No","No",199232,"No"
12266,26,"M","Rural",192568,"Yes",1,"No","No","Yes","Yes",192568,"Yes"
12267,20,"M","Small_town",76712,"No",1,"No","Yes","Yes","Yes",76712,"No"
12268,24,"M","City_center",68496,"No",1,"No","No","No","Yes",68496,"No"
12269,37,"F","Small_town",213656,"No",0,"Yes","Yes","Yes","No",213656,"No"
12270,56,"M","City_center",248824,"Yes",0,"No","No","Yes","No",248824,"No"
12271,52,"M","City_center",393400,"Yes",0,"Yes","Yes","Yes","No",393400,"No"
12272,22,"M","City_center",157808,"Yes",2,"No","No","Yes","No",78904,"No"
12273,35,"M","City_center",192264,"Yes",3,"Yes","Yes","Yes","No",64088,"No"
12274,34,"M","Rural",215992,"Yes",1,"Yes","Yes","Yes","No",215992,"Yes"
12275,67,"F","Small_town",332464,"Yes",2,"No","Yes","Yes","No",166232,"Yes"
12276,58,"F","City_center",441504,"No",0,"No","Yes","Yes","No",441504,"Yes"
12277,40,"M","Small_town",300464,"Yes",0,"Yes","Yes","Yes","No",300464,"No"
12278,41,"F","City_center",240792,"Yes",0,"Yes","Yes","Yes","Yes",240792,"Yes"
12279,43,"M","City_center",122032,"Yes",0,"No","No","No","No",122032,"Yes"
12280,63,"M","City_center",288688,"Yes",2,"No","No","Yes","No",144344,"Yes"
12281,22,"F","City_center",141240,"Yes",1,"No","Yes","Yes","Yes",141240,"Yes"
12282,60,"M","Rural",453264,"No",0,"No","Yes","Yes","No",453264,"Yes"
12283,65,"F","City_center",320912,"No",0,"Yes","Yes","Yes","Yes",320912,"No"
12284,48,"F","City_center",148128,"Yes",2,"Yes","Yes","Yes","Yes",74064,"No"
12285,38,"F","City_center",255480,"No",0,"Yes","Yes","No","Yes",255480,"No"
12286,49,"M","Rural",261352,"Yes",1,"Yes","Yes","Yes","Yes",261352,"Yes"
12287,20,"F","City_center",146200,"Yes",0,"No","No","No","Yes",146200,"Yes"
12288,48,"F","Small_town",275280,"Yes",1,"No","No","Yes","No",275280,"Yes"
12289,38,"M","City_center",278928,"Yes",2,"Yes","No","Yes","Yes",139464,"No"
12290,41,"F","City_center",174368,"Yes",0,"No","No","Yes","No",174368,"No"
12291,67,"F","Suburban",505040,"Yes",2,"Yes","Yes","Yes","No",252520,"Yes"
12292,39,"M","City_center",119968,"Yes",1,"Yes","Yes","No","No",119968,"No"
12293,64,"F","Rural",380496,"Yes",3,"No","Yes","Yes","No",126832,"Yes"
12294,41,"M","City_center",129992,"Yes",0,"Yes","No","Yes","Yes",129992,"Yes"
12295,55,"M","Suburban",289536,"Yes",2,"Yes","No","Yes","No",144768,"Yes"
12296,52,"M","City_center",170920,"Yes",1,"No","Yes","No","Yes",170920,"Yes"
12297,30,"F","City_center",150416,"No",0,"No","No","Yes","Yes",150416,"Yes"
12298,52,"M","City_center",389760,"Yes",2,"Yes","Yes","Yes","No",194880,"Yes"
12299,26,"M","City_center",116680,"No",2,"No","No","Yes","Yes",58340,"No"
12300,26,"F","City_center",149352,"Yes",0,"No","Yes","Yes","No",149352,"Yes"
12301,46,"M","Small_town",208616,"Yes",1,"Yes","Yes","Yes","No",208616,"Yes"
12302,46,"F","Small_town",333016,"Yes",0,"No","Yes","Yes","Yes",333016,"No"
12303,52,"M","City_center",135816,"Yes",0,"No","No","Yes","No",135816,"No"
12304,37,"M","City_center",152096,"No",3,"Yes","No","Yes","No","50698.6666666667","No"
12305,22,"M","City_center",102112,"Yes",1,"No","Yes","Yes","Yes",102112,"Yes"
12306,18,"M","City_center",115104,"No",0,"Yes","No","Yes","Yes",115104,"Yes"
12307,63,"M","City_center",475272,"No",0,"Yes","Yes","Yes","No",475272,"Yes"
12308,25,"F","City_center",99296,"Yes",0,"No","Yes","Yes","Yes",99296,"No"
12309,67,"M","City_center",345560,"Yes",0,"Yes","Yes","Yes","No",345560,"No"
12310,27,"M","City_center",166168,"No",0,"No","Yes","No","No",166168,"Yes"
12311,61,"M","City_center",212552,"No",0,"Yes","No","No","No",212552,"Yes"
12312,58,"M","Small_town",264984,"Yes",1,"Yes","Yes","Yes","No",264984,"Yes"
12313,22,"M","City_center",115464,"Yes",0,"Yes","Yes","Yes","No",115464,"Yes"
12314,28,"M","Small_town",102176,"No",1,"No","No","Yes","No",102176,"Yes"
12315,23,"M","City_center",78592,"Yes",0,"No","Yes","Yes","No",78592,"No"
12316,27,"M","Suburban",140880,"Yes",0,"No","Yes","Yes","No",140880,"No"
12317,27,"F","Suburban",133632,"Yes",0,"Yes","No","Yes","No",133632,"No"
12318,40,"F","City_center",254192,"Yes",3,"Yes","Yes","Yes","Yes","84730.6666666667","No"
12319,39,"M","Small_town",281984,"No",0,"Yes","Yes","No","No",281984,"Yes"
12320,35,"F","City_center",228784,"Yes",0,"Yes","Yes","Yes","No",228784,"No"
12321,37,"F","City_center",210088,"No",2,"Yes","No","No","No",105044,"No"
12322,47,"M","City_center",322320,"Yes",2,"No","Yes","Yes","No",161160,"Yes"
12323,42,"F","City_center",314464,"Yes",1,"No","Yes","Yes","No",314464,"Yes"
12324,67,"F","City_center",376960,"Yes",0,"No","Yes","Yes","Yes",376960,"No"
12325,57,"M","Rural",398992,"Yes",3,"No","Yes","Yes","No","132997.333333333","Yes"
12326,47,"F","Rural",219472,"No",0,"Yes","Yes","Yes","No",219472,"Yes"
12327,67,"M","City_center",403792,"Yes",2,"Yes","Yes","Yes","No",201896,"Yes"
12328,56,"M","Small_town",219872,"No",0,"No","Yes","Yes","No",219872,"Yes"
12329,37,"M","Rural",224168,"No",0,"Yes","No","Yes","Yes",224168,"Yes"
12330,27,"M","City_center",98232,"No",0,"Yes","No","No","No",98232,"Yes"
12331,59,"F","City_center",241512,"Yes",0,"Yes","No","Yes","Yes",241512,"Yes"
12332,31,"M","City_center",231752,"No",1,"No","No","Yes","Yes",231752,"No"
12333,31,"M","Suburban",112464,"Yes",0,"No","No","Yes","Yes",112464,"Yes"
12334,32,"F","Small_town",243232,"Yes",0,"Yes","Yes","Yes","No",243232,"No"
12335,57,"F","Rural",339064,"No",3,"No","Yes","No","No","113021.333333333","No"
12336,49,"F","City_center",132328,"No",1,"No","Yes","Yes","Yes",132328,"Yes"
12337,65,"M","Small_town",418040,"No",2,"Yes","Yes","Yes","No",209020,"Yes"
12338,22,"F","City_center",142928,"Yes",2,"No","Yes","Yes","Yes",71464,"No"
12339,26,"F","Rural",144536,"Yes",2,"No","Yes","No","No",72268,"No"
12340,23,"M","City_center",102584,"Yes",0,"Yes","Yes","Yes","No",102584,"No"
12341,26,"F","Rural",90392,"Yes",2,"Yes","No","No","No",45196,"No"
12342,59,"F","City_center",448248,"No",0,"Yes","Yes","Yes","No",448248,"Yes"
12343,67,"M","City_center",282104,"Yes",1,"Yes","Yes","Yes","No",282104,"Yes"
12344,34,"F","City_center",159744,"Yes",0,"Yes","Yes","Yes","No",159744,"No"
12345,50,"M","Rural",222600,"Yes",2,"Yes","Yes","No","No",111300,"No"
12346,46,"M","Suburban",302184,"No",0,"Yes","Yes","Yes","Yes",302184,"No"
12347,23,"F","City_center",60848,"No",3,"Yes","No","No","No","20282.6666666667","No"
12348,26,"M","Rural",171072,"Yes",0,"No","No","Yes","No",171072,"No"
12349,40,"M","Small_town",137592,"Yes",3,"No","Yes","Yes","No",45864,"No"
12350,36,"M","Small_town",170656,"Yes",3,"Yes","No","Yes","No","56885.3333333333","No"
12351,65,"M","City_center",474072,"No",0,"No","Yes","Yes","Yes",474072,"No"
12352,45,"F","Small_town",314904,"Yes",1,"Yes","Yes","Yes","Yes",314904,"Yes"
12353,23,"M","City_center",114320,"Yes",2,"No","No","Yes","Yes",57160,"No"
12354,42,"F","Small_town",143056,"Yes",1,"No","No","No","No",143056,"Yes"
12355,21,"F","Rural",85032,"No",3,"No","Yes","Yes","Yes",28344,"No"
12356,62,"F","City_center",194096,"No",0,"Yes","No","Yes","No",194096,"Yes"
12357,49,"F","Suburban",208776,"No",2,"No","Yes","Yes","No",104388,"No"
12358,28,"F","Small_town",186968,"Yes",2,"No","No","Yes","Yes",93484,"No"
12359,38,"F","Small_town",171960,"No",3,"No","No","Yes","Yes",57320,"No"
12360,36,"M","Small_town",97328,"No",0,"No","No","No","No",97328,"No"
12361,22,"M","Suburban",137440,"Yes",0,"No","Yes","Yes","No",137440,"No"
12362,40,"F","Small_town",215008,"Yes",1,"No","Yes","Yes","Yes",215008,"Yes"
12363,40,"F","Small_town",172896,"Yes",0,"No","No","Yes","No",172896,"No"
12364,60,"F","City_center",400240,"Yes",0,"Yes","Yes","Yes","Yes",400240,"No"
12365,23,"M","City_center",153328,"No",0,"Yes","Yes","No","No",153328,"Yes"
12366,21,"M","City_center",151432,"Yes",1,"Yes","No","No","No",151432,"Yes"
12367,58,"M","Small_town",265832,"No",0,"Yes","Yes","Yes","No",265832,"Yes"
12368,48,"F","Suburban",243168,"No",0,"No","Yes","Yes","No",243168,"Yes"
12369,63,"F","Small_town",277000,"Yes",0,"Yes","No","Yes","No",277000,"No"
12370,20,"M","Small_town",133376,"No",3,"Yes","No","Yes","Yes","44458.6666666667","No"
12371,67,"F","Suburban",485976,"No",2,"No","Yes","Yes","Yes",242988,"Yes"
12372,62,"F","City_center",451152,"No",0,"Yes","Yes","Yes","No",451152,"Yes"
12373,36,"M","Small_town",105888,"Yes",0,"No","Yes","Yes","No",105888,"No"
12374,31,"M","City_center",227272,"Yes",1,"Yes","No","Yes","No",227272,"Yes"
12375,42,"F","City_center",216448,"Yes",0,"Yes","Yes","Yes","No",216448,"No"
12376,18,"M","Rural",74896,"Yes",0,"Yes","No","Yes","Yes",74896,"Yes"
12377,46,"F","Suburban",229616,"No",1,"No","Yes","Yes","Yes",229616,"Yes"
12378,25,"M","Small_town",171512,"Yes",1,"Yes","Yes","Yes","No",171512,"Yes"
12379,65,"F","Rural",195816,"No",0,"No","Yes","No","Yes",195816,"No"
12380,40,"M","Small_town",264392,"Yes",1,"No","No","Yes","Yes",264392,"Yes"
12381,32,"M","City_center",178616,"Yes",1,"No","No","No","No",178616,"Yes"
12382,18,"F","City_center",124880,"Yes",0,"No","Yes","Yes","No",124880,"No"
12383,64,"M","City_center",434512,"Yes",1,"Yes","Yes","No","No",434512,"Yes"
12384,43,"F","City_center",313400,"Yes",3,"No","Yes","Yes","Yes","104466.666666667","No"
12385,22,"F","City_center",109912,"Yes",3,"No","Yes","Yes","No","36637.3333333333","No"
12386,25,"M","Small_town",75880,"Yes",0,"No","No","No","No",75880,"No"
12387,39,"M","City_center",197400,"Yes",1,"Yes","Yes","Yes","Yes",197400,"Yes"
12388,58,"F","City_center",226024,"Yes",3,"No","No","Yes","No","75341.3333333333","No"
12389,33,"M","City_center",113088,"Yes",1,"No","Yes","No","No",113088,"No"
12390,52,"F","Rural",324520,"Yes",1,"Yes","Yes","Yes","No",324520,"Yes"
12391,23,"M","City_center",108152,"No",0,"No","Yes","Yes","No",108152,"Yes"
12392,44,"F","City_center",333984,"No",0,"Yes","Yes","No","No",333984,"Yes"
12393,51,"M","Rural",348928,"Yes",2,"Yes","Yes","Yes","Yes",174464,"Yes"
12394,26,"F","Small_town",182680,"Yes",0,"No","Yes","Yes","No",182680,"No"
12395,42,"M","Small_town",179960,"Yes",0,"No","Yes","No","Yes",179960,"No"
12396,34,"M","Small_town",260384,"Yes",0,"Yes","Yes","Yes","Yes",260384,"No"
12397,54,"F","Rural",196664,"No",2,"Yes","Yes","Yes","Yes",98332,"No"
12398,18,"M","Rural",69112,"Yes",2,"No","No","No","No",34556,"No"
12399,47,"F","City_center",137112,"No",2,"Yes","No","Yes","No",68556,"No"
12400,24,"F","City_center",134464,"Yes",0,"No","Yes","Yes","No",134464,"No"
12401,19,"F","City_center",65296,"Yes",1,"Yes","Yes","Yes","Yes",65296,"No"
12402,37,"F","Small_town",122792,"Yes",0,"No","Yes","No","No",122792,"No"
12403,45,"F","Small_town",233848,"Yes",0,"No","Yes","No","No",233848,"No"
12404,49,"M","Rural",331696,"Yes",3,"No","Yes","Yes","Yes","110565.333333333","No"
12405,67,"F","Rural",459184,"No",3,"No","Yes","Yes","No","153061.333333333","Yes"
12406,35,"F","Rural",92160,"Yes",0,"No","No","Yes","No",92160,"No"
12407,63,"M","City_center",416936,"No",2,"Yes","Yes","Yes","No",208468,"Yes"
12408,38,"M","Rural",210248,"No",0,"Yes","Yes","Yes","No",210248,"Yes"
12409,48,"M","Small_town",205464,"No",2,"Yes","Yes","Yes","No",102732,"No"
12410,28,"F","City_center",95360,"No",1,"No","Yes","Yes","No",95360,"No"
12411,46,"M","Small_town",245264,"Yes",0,"No","Yes","Yes","No",245264,"No"
12412,66,"M","City_center",293168,"No",1,"No","Yes","Yes","No",293168,"Yes"
12413,61,"F","Small_town",246080,"No",2,"Yes","No","Yes","No",123040,"Yes"
12414,18,"F","Rural",128872,"No",2,"Yes","Yes","Yes","No",64436,"No"
12415,54,"F","Small_town",144288,"Yes",0,"Yes","Yes","No","No",144288,"No"
12416,45,"M","Rural",341024,"No",0,"Yes","Yes","Yes","Yes",341024,"No"
12417,60,"M","City_center",176880,"No",2,"Yes","Yes","Yes","No",88440,"No"
12418,45,"F","Small_town",301512,"No",1,"No","Yes","Yes","Yes",301512,"Yes"
12419,31,"F","City_center",185368,"No",2,"No","Yes","No","No",92684,"No"
12420,39,"M","Suburban",175608,"No",0,"Yes","Yes","Yes","Yes",175608,"No"
12421,53,"M","City_center",304824,"No",2,"Yes","Yes","Yes","No",152412,"Yes"
12422,35,"M","Rural",183056,"Yes",0,"Yes","No","No","Yes",183056,"Yes"
12423,25,"F","Small_town",88344,"Yes",1,"Yes","Yes","No","Yes",88344,"No"
12424,32,"M","Small_town",192216,"No",0,"No","Yes","Yes","No",192216,"Yes"
12425,36,"M","Suburban",227960,"Yes",0,"No","Yes","Yes","No",227960,"No"
12426,24,"F","Small_town",75720,"No",0,"No","No","Yes","No",75720,"Yes"
12427,39,"M","City_center",278816,"Yes",1,"No","Yes","No","Yes",278816,"Yes"
12428,24,"M","City_center",170144,"Yes",0,"No","No","Yes","Yes",170144,"Yes"
12429,57,"F","Rural",406792,"No",1,"No","Yes","No","Yes",406792,"Yes"
12430,27,"F","Small_town",148440,"Yes",3,"No","No","Yes","No",49480,"No"
12431,66,"F","Rural",422152,"Yes",3,"Yes","Yes","Yes","No","140717.333333333","Yes"
12432,18,"F","City_center",92808,"Yes",2,"No","Yes","Yes","Yes",46404,"No"
12433,33,"F","Small_town",236328,"Yes",0,"No","Yes","No","No",236328,"No"
12434,48,"M","Suburban",142888,"Yes",2,"No","Yes","Yes","No",71444,"No"
12435,23,"F","Suburban",168336,"Yes",1,"No","No","Yes","No",168336,"Yes"
12436,44,"M","Small_town",213504,"Yes",1,"No","Yes","No","Yes",213504,"Yes"
12437,39,"M","City_center",215200,"Yes",2,"No","No","No","Yes",107600,"No"
12438,65,"M","City_center",304640,"Yes",1,"Yes","Yes","No","Yes",304640,"No"
12439,60,"M","Suburban",300432,"Yes",2,"Yes","Yes","Yes","Yes",150216,"Yes"
12440,20,"M","City_center",145472,"Yes",0,"No","No","Yes","Yes",145472,"Yes"
12441,45,"F","Suburban",230912,"Yes",0,"No","Yes","Yes","No",230912,"No"
12442,66,"M","Rural",386768,"Yes",1,"Yes","Yes","No","No",386768,"Yes"
12443,64,"M","City_center",424832,"Yes",0,"Yes","Yes","Yes","No",424832,"No"
12444,51,"F","City_center",155328,"Yes",0,"No","Yes","Yes","No",155328,"No"
12445,34,"M","Rural",189104,"Yes",2,"Yes","Yes","Yes","No",94552,"No"
12446,65,"F","Small_town",339024,"Yes",1,"No","Yes","Yes","No",339024,"Yes"
12447,50,"M","Rural",317960,"Yes",0,"Yes","Yes","No","Yes",317960,"No"
12448,66,"F","City_center",361512,"Yes",0,"No","Yes","No","No",361512,"No"
12449,63,"M","City_center",303440,"Yes",0,"No","Yes","No","Yes",303440,"No"
12450,53,"F","City_center",192336,"No",1,"No","No","Yes","No",192336,"Yes"
12451,33,"F","City_center",249656,"No",0,"Yes","No","Yes","Yes",249656,"Yes"
12452,38,"M","Small_town",195392,"Yes",0,"No","Yes","Yes","Yes",195392,"No"
12453,56,"F","Rural",196856,"No",1,"No","Yes","Yes","Yes",196856,"No"
12454,48,"M","Small_town",344456,"No",1,"Yes","Yes","Yes","No",344456,"Yes"
12455,49,"F","Suburban",241584,"Yes",0,"Yes","No","Yes","Yes",241584,"Yes"
12456,54,"F","Rural",401488,"Yes",2,"No","Yes","Yes","Yes",200744,"Yes"
12457,41,"F","Suburban",183328,"Yes",0,"No","No","Yes","No",183328,"No"
12458,19,"M","Rural",76736,"No",0,"No","Yes","Yes","No",76736,"Yes"
12459,52,"F","City_center",274024,"No",3,"Yes","No","Yes","No","91341.3333333333","No"
12460,52,"F","City_center",182336,"Yes",1,"Yes","Yes","No","No",182336,"Yes"
12461,64,"F","Small_town",412960,"No",2,"Yes","Yes","Yes","No",206480,"Yes"
12462,56,"M","Small_town",159344,"Yes",3,"No","Yes","Yes","Yes","53114.6666666667","No"
12463,56,"M","Small_town",237000,"Yes",2,"No","No","Yes","No",118500,"No"
12464,19,"F","Small_town",100392,"Yes",0,"No","Yes","Yes","No",100392,"No"
12465,56,"F","Small_town",410392,"Yes",1,"Yes","Yes","No","No",410392,"Yes"
12466,27,"M","City_center",138912,"Yes",2,"Yes","Yes","No","No",69456,"Yes"
12467,59,"F","City_center",238928,"No",1,"Yes","No","Yes","No",238928,"Yes"
12468,56,"M","City_center",382000,"Yes",0,"Yes","Yes","Yes","Yes",382000,"No"
12469,21,"M","Small_town",90248,"Yes",0,"No","Yes","Yes","Yes",90248,"No"
12470,64,"M","City_center",272584,"Yes",3,"No","Yes","No","Yes","90861.3333333333","No"
12471,62,"M","City_center",374960,"Yes",0,"No","Yes","Yes","No",374960,"No"
12472,44,"F","City_center",307624,"No",2,"No","Yes","Yes","No",153812,"Yes"
12473,24,"F","City_center",62048,"No",0,"No","No","No","No",62048,"Yes"
12474,52,"F","City_center",227304,"Yes",0,"No","No","Yes","No",227304,"No"
12475,67,"F","Suburban",377584,"Yes",2,"No","Yes","Yes","No",188792,"Yes"
12476,41,"M","City_center",166928,"Yes",0,"Yes","Yes","Yes","No",166928,"No"
12477,58,"F","Small_town",265632,"No",1,"No","No","No","Yes",265632,"Yes"
12478,40,"M","City_center",198584,"No",2,"No","No","Yes","No",99292,"No"
12479,19,"M","Suburban",143888,"Yes",0,"No","No","Yes","Yes",143888,"Yes"
12480,20,"F","City_center",79272,"Yes",3,"No","No","Yes","No",26424,"No"
12481,56,"F","Small_town",212336,"No",0,"Yes","Yes","Yes","No",212336,"Yes"
12482,46,"F","City_center",260664,"Yes",2,"Yes","Yes","Yes","No",130332,"No"
12483,30,"M","City_center",116848,"Yes",1,"No","No","Yes","No",116848,"No"
12484,40,"F","Small_town",278688,"Yes",1,"Yes","Yes","Yes","No",278688,"Yes"
12485,36,"F","Small_town",215360,"Yes",0,"No","No","Yes","No",215360,"No"
12486,57,"F","City_center",305984,"No",3,"Yes","No","Yes","Yes","101994.666666667","No"
12487,49,"M","City_center",125512,"No",0,"No","No","Yes","No",125512,"No"
12488,61,"M","City_center",241256,"No",1,"Yes","No","No","No",241256,"Yes"
12489,29,"M","City_center",117136,"No",0,"Yes","No","Yes","No",117136,"Yes"
12490,48,"F","City_center",127464,"Yes",0,"No","Yes","No","No",127464,"No"
12491,56,"F","City_center",354304,"Yes",0,"No","Yes","Yes","No",354304,"No"
12492,40,"M","Small_town",177576,"No",0,"Yes","No","Yes","No",177576,"Yes"
12493,58,"F","Small_town",305984,"Yes",3,"Yes","Yes","No","No","101994.666666667","No"
12494,60,"F","City_center",176424,"Yes",2,"Yes","Yes","No","Yes",88212,"No"
12495,58,"F","Suburban",203744,"No",0,"Yes","No","No","Yes",203744,"Yes"
12496,67,"F","Small_town",187880,"Yes",3,"Yes","No","No","Yes","62626.6666666667","No"
12497,40,"M","Rural",206144,"Yes",0,"Yes","Yes","No","No",206144,"No"
12498,48,"M","City_center",273456,"Yes",2,"No","Yes","Yes","No",136728,"Yes"
12499,64,"F","City_center",459552,"No",1,"No","Yes","Yes","No",459552,"Yes"
12500,43,"M","Small_town",304472,"Yes",0,"Yes","Yes","No","Yes",304472,"No"
12501,34,"F","Rural",155848,"No",0,"No","No","Yes","Yes",155848,"Yes"
12502,26,"M","Rural",156504,"No",3,"Yes","No","No","Yes",52168,"No"
12503,48,"M","City_center",308784,"Yes",0,"Yes","No","Yes","No",308784,"No"
12504,35,"M","City_center",166032,"No",0,"No","No","No","Yes",166032,"Yes"
12505,24,"F","City_center",110912,"Yes",3,"No","Yes","Yes","No","36970.6666666667","Yes"
12506,47,"M","Suburban",292792,"Yes",3,"Yes","Yes","Yes","No","97597.3333333333","Yes"
12507,52,"M","Suburban",366848,"No",1,"No","Yes","Yes","No",366848,"Yes"
12508,31,"M","Suburban",178896,"No",0,"No","Yes","Yes","No",178896,"Yes"
12509,41,"F","Suburban",175872,"Yes",1,"Yes","No","No","No",175872,"Yes"
12510,23,"M","Suburban",88584,"Yes",2,"No","Yes","No","No",44292,"No"
12511,27,"F","City_center",145264,"No",1,"Yes","No","Yes","Yes",145264,"Yes"
12512,22,"M","City_center",58432,"No",0,"Yes","Yes","Yes","Yes",58432,"No"
12513,67,"F","City_center",464736,"No",2,"Yes","Yes","Yes","No",232368,"Yes"
12514,26,"F","City_center",132144,"Yes",0,"Yes","No","Yes","No",132144,"Yes"
12515,58,"F","Suburban",371688,"Yes",0,"No","Yes","Yes","No",371688,"No"
12516,27,"M","Rural",160464,"Yes",0,"No","Yes","Yes","Yes",160464,"No"
12517,36,"M","City_center",100264,"No",1,"No","Yes","No","Yes",100264,"No"
12518,31,"M","Rural",182784,"Yes",1,"Yes","No","No","No",182784,"Yes"
12519,28,"F","Small_town",205592,"Yes",2,"Yes","Yes","No","No",102796,"Yes"
12520,57,"M","Small_town",172896,"Yes",0,"No","Yes","Yes","Yes",172896,"No"
12521,64,"M","City_center",391600,"Yes",0,"Yes","Yes","Yes","Yes",391600,"No"
12522,49,"M","City_center",331504,"No",1,"No","Yes","No","No",331504,"Yes"
12523,22,"M","City_center",91288,"Yes",1,"Yes","No","Yes","No",91288,"No"
12524,58,"F","City_center",351520,"Yes",0,"Yes","Yes","Yes","No",351520,"No"
12525,20,"M","Small_town",137912,"No",1,"Yes","No","Yes","No",137912,"Yes"
12526,44,"F","Rural",243904,"Yes",0,"No","Yes","Yes","No",243904,"No"
12527,65,"F","Small_town",238928,"Yes",3,"No","Yes","No","No","79642.6666666667","No"
12528,53,"F","City_center",257472,"Yes",2,"Yes","No","No","No",128736,"Yes"
12529,34,"F","City_center",138464,"Yes",1,"Yes","No","Yes","Yes",138464,"Yes"
12530,35,"M","Rural",222904,"No",2,"No","Yes","Yes","Yes",111452,"No"
12531,48,"M","Small_town",231360,"Yes",0,"No","Yes","No","Yes",231360,"No"
12532,64,"F","Small_town",466936,"Yes",1,"Yes","Yes","Yes","No",466936,"Yes"
12533,46,"M","Small_town",134792,"No",0,"Yes","Yes","Yes","Yes",134792,"No"
12534,42,"F","Rural",225104,"Yes",0,"No","No","Yes","Yes",225104,"Yes"
12535,47,"M","City_center",184304,"Yes",0,"Yes","Yes","No","No",184304,"No"
12536,23,"M","Small_town",93888,"No",2,"Yes","Yes","Yes","Yes",46944,"No"
12537,35,"M","City_center",131832,"Yes",0,"Yes","No","No","Yes",131832,"Yes"
12538,64,"F","City_center",251320,"No",1,"Yes","Yes","No","Yes",251320,"Yes"
12539,18,"F","Suburban",96936,"Yes",1,"No","No","Yes","No",96936,"No"
12540,19,"M","City_center",123336,"Yes",1,"Yes","No","Yes","No",123336,"No"
12541,40,"M","City_center",235312,"Yes",1,"No","Yes","No","Yes",235312,"Yes"
12542,47,"M","City_center",357456,"Yes",0,"Yes","Yes","Yes","No",357456,"No"
12543,43,"F","Rural",290248,"Yes",0,"Yes","Yes","Yes","No",290248,"No"
12544,38,"M","Small_town",266416,"No",0,"Yes","No","Yes","Yes",266416,"Yes"
12545,21,"F","Rural",126376,"Yes",0,"No","Yes","Yes","No",126376,"Yes"
12546,40,"M","Rural",254912,"Yes",0,"Yes","Yes","Yes","No",254912,"No"
12547,52,"F","Small_town",349752,"Yes",0,"No","Yes","Yes","No",349752,"No"
12548,35,"F","Small_town",246392,"Yes",2,"No","No","Yes","No",123196,"Yes"
12549,53,"M","Rural",391768,"Yes",3,"Yes","Yes","No","No","130589.333333333","Yes"
12550,38,"F","Rural",272488,"No",0,"Yes","Yes","Yes","No",272488,"Yes"
12551,42,"M","City_center",231504,"Yes",3,"Yes","No","No","No",77168,"No"
12552,43,"M","Small_town",308320,"No",0,"Yes","Yes","No","Yes",308320,"No"
12553,59,"F","City_center",216360,"No",0,"No","No","Yes","No",216360,"Yes"
12554,59,"F","Rural",410272,"No",0,"Yes","Yes","Yes","Yes",410272,"No"
12555,24,"M","City_center",130816,"No",0,"No","Yes","Yes","Yes",130816,"No"
12556,27,"F","City_center",94928,"Yes",0,"Yes","Yes","Yes","No",94928,"No"
12557,32,"F","Small_town",106136,"Yes",0,"Yes","Yes","Yes","Yes",106136,"No"
12558,65,"F","City_center",492432,"Yes",0,"No","Yes","Yes","No",492432,"No"
12559,18,"M","Suburban",109600,"No",1,"No","Yes","Yes","No",109600,"No"
12560,66,"M","Small_town",375704,"Yes",1,"No","Yes","Yes","No",375704,"Yes"
12561,41,"M","City_center",187800,"Yes",0,"Yes","No","Yes","Yes",187800,"Yes"
12562,64,"F","Suburban",196432,"Yes",0,"Yes","Yes","No","Yes",196432,"No"
12563,23,"F","City_center",144400,"Yes",0,"Yes","No","Yes","Yes",144400,"Yes"
12564,29,"F","Rural",121896,"Yes",2,"Yes","No","Yes","No",60948,"No"
12565,28,"M","Small_town",164440,"No",0,"Yes","Yes","Yes","No",164440,"Yes"
12566,57,"F","Small_town",227368,"Yes",2,"Yes","Yes","Yes","Yes",113684,"No"
12567,38,"M","City_center",175008,"Yes",0,"No","No","Yes","No",175008,"No"
12568,34,"F","Suburban",102480,"No",3,"No","Yes","Yes","No",34160,"Yes"
12569,43,"M","Suburban",120872,"Yes",0,"No","No","Yes","No",120872,"Yes"
12570,63,"M","Small_town",299312,"No",3,"Yes","Yes","Yes","No","99770.6666666667","No"
12571,62,"F","City_center",332168,"Yes",0,"No","Yes","Yes","Yes",332168,"No"
12572,51,"F","City_center",202976,"Yes",0,"Yes","Yes","Yes","No",202976,"No"
12573,61,"M","City_center",169112,"Yes",2,"Yes","Yes","No","No",84556,"No"
12574,41,"F","Small_town",222056,"No",0,"No","Yes","Yes","No",222056,"Yes"
12575,31,"F","Small_town",181424,"No",1,"Yes","Yes","Yes","Yes",181424,"Yes"
12576,33,"F","Small_town",97424,"Yes",2,"No","Yes","Yes","Yes",48712,"No"
12577,43,"M","Rural",208848,"No",1,"No","No","Yes","No",208848,"Yes"
12578,40,"M","City_center",219336,"Yes",0,"No","Yes","Yes","Yes",219336,"No"
12579,47,"M","Small_town",186696,"Yes",2,"No","Yes","Yes","Yes",93348,"No"
12580,46,"M","Small_town",347160,"No",1,"Yes","Yes","Yes","No",347160,"Yes"
12581,30,"M","Rural",92288,"Yes",2,"No","No","Yes","Yes",46144,"No"
12582,47,"M","City_center",357264,"No",2,"Yes","Yes","Yes","No",178632,"Yes"
12583,44,"M","Rural",262096,"No",0,"No","Yes","Yes","Yes",262096,"No"
12584,23,"M","Rural",131224,"Yes",0,"Yes","Yes","No","No",131224,"No"
12585,28,"F","City_center",169472,"Yes",1,"Yes","Yes","Yes","No",169472,"Yes"
12586,64,"F","City_center",399336,"Yes",0,"Yes","Yes","Yes","Yes",399336,"No"
12587,35,"F","Small_town",172984,"Yes",0,"No","Yes","No","Yes",172984,"No"
12588,19,"M","Rural",133000,"Yes",1,"No","No","Yes","No",133000,"Yes"
12589,27,"F","Small_town",112112,"Yes",3,"No","Yes","No","No","37370.6666666667","No"
12590,27,"M","City_center",163272,"Yes",2,"No","Yes","No","No",81636,"Yes"
12591,58,"F","City_center",253368,"Yes",1,"Yes","Yes","No","Yes",253368,"Yes"
12592,46,"F","Small_town",137192,"No",1,"Yes","Yes","Yes","No",137192,"Yes"
12593,61,"F","Small_town",222048,"Yes",0,"Yes","Yes","No","Yes",222048,"Yes"
12594,59,"M","City_center",327592,"No",0,"No","Yes","Yes","No",327592,"Yes"
12595,47,"F","Rural",349944,"Yes",3,"No","Yes","Yes","No",116648,"No"
12596,44,"M","City_center",307672,"Yes",0,"No","No","No","Yes",307672,"Yes"
12597,50,"M","Small_town",327776,"No",2,"Yes","Yes","Yes","Yes",163888,"Yes"
12598,64,"M","City_center",372696,"No",0,"No","Yes","Yes","No",372696,"Yes"
12599,51,"F","Small_town",350392,"No",0,"No","Yes","Yes","Yes",350392,"No"
12600,46,"F","Small_town",151296,"Yes",0,"Yes","No","Yes","No",151296,"Yes"
12601,39,"F","City_center",222120,"Yes",3,"Yes","Yes","No","No",74040,"No"
12602,58,"F","City_center",264056,"No",1,"Yes","No","Yes","No",264056,"Yes"
12603,32,"F","Small_town",210600,"Yes",0,"Yes","No","No","No",210600,"No"
12604,22,"F","City_center",122464,"No",0,"Yes","Yes","Yes","Yes",122464,"No"
12605,63,"F","City_center",478440,"Yes",1,"Yes","Yes","Yes","No",478440,"Yes"
12606,35,"F","Small_town",229264,"Yes",0,"Yes","Yes","Yes","No",229264,"No"
12607,59,"F","City_center",185400,"Yes",0,"No","No","No","Yes",185400,"Yes"
12608,22,"F","Suburban",92760,"No",0,"Yes","Yes","Yes","No",92760,"Yes"
12609,60,"M","Suburban",403272,"No",2,"No","Yes","Yes","Yes",201636,"Yes"
12610,23,"F","Rural",89720,"Yes",2,"Yes","Yes","Yes","No",44860,"Yes"
12611,29,"F","Small_town",106616,"Yes",0,"No","Yes","No","No",106616,"No"
12612,44,"M","City_center",128704,"Yes",3,"No","Yes","Yes","No","42901.3333333333","No"
12613,63,"F","Small_town",351544,"Yes",0,"Yes","Yes","Yes","Yes",351544,"No"
12614,25,"F","Rural",116040,"No",3,"No","Yes","Yes","No",38680,"No"
12615,37,"M","City_center",271088,"No",0,"Yes","Yes","No","No",271088,"Yes"
12616,48,"F","City_center",133296,"Yes",1,"No","Yes","Yes","No",133296,"Yes"
12617,35,"F","Small_town",162096,"No",0,"No","Yes","No","No",162096,"Yes"
12618,51,"M","Small_town",268920,"Yes",1,"No","Yes","No","Yes",268920,"Yes"
12619,27,"F","Small_town",176056,"No",3,"No","No","Yes","No","58685.3333333333","No"
12620,56,"F","City_center",231848,"Yes",3,"Yes","Yes","Yes","Yes","77282.6666666667","No"
12621,38,"F","City_center",97304,"Yes",2,"Yes","No","Yes","No",48652,"Yes"
12622,36,"F","Small_town",137976,"Yes",2,"Yes","Yes","Yes","No",68988,"No"
12623,27,"M","Suburban",101464,"No",3,"No","Yes","Yes","Yes","33821.3333333333","No"
12624,34,"F","Small_town",130328,"Yes",0,"Yes","Yes","No","Yes",130328,"No"
12625,44,"M","Suburban",149656,"Yes",0,"Yes","Yes","Yes","Yes",149656,"Yes"
12626,43,"F","City_center",154608,"Yes",1,"No","No","Yes","No",154608,"Yes"
12627,32,"M","City_center",116088,"No",2,"No","Yes","No","Yes",58044,"No"
12628,21,"F","Small_town",85376,"No",1,"No","Yes","Yes","Yes",85376,"No"
12629,30,"F","City_center",206640,"Yes",2,"No","No","Yes","No",103320,"No"
12630,55,"M","Rural",347992,"Yes",1,"Yes","Yes","Yes","No",347992,"No"
12631,64,"M","Suburban",473400,"Yes",1,"No","Yes","Yes","No",473400,"Yes"
12632,36,"F","City_center",221136,"No",1,"Yes","No","No","No",221136,"Yes"
12633,59,"M","City_center",240536,"No",1,"No","Yes","Yes","No",240536,"Yes"
12634,60,"M","City_center",237712,"Yes",0,"Yes","No","Yes","Yes",237712,"Yes"
12635,27,"F","Small_town",111600,"No",1,"Yes","Yes","Yes","Yes",111600,"No"
12636,29,"M","City_center",80576,"Yes",0,"No","No","Yes","No",80576,"No"
12637,53,"F","City_center",302800,"No",1,"No","Yes","Yes","No",302800,"Yes"
12638,61,"F","Rural",457408,"No",2,"No","Yes","Yes","No",228704,"Yes"
12639,43,"F","City_center",310272,"Yes",0,"No","Yes","Yes","No",310272,"No"
12640,19,"M","City_center",81528,"Yes",0,"No","Yes","Yes","Yes",81528,"Yes"
12641,48,"F","City_center",174568,"Yes",1,"Yes","Yes","No","Yes",174568,"Yes"
12642,39,"M","Rural",299112,"Yes",2,"No","Yes","Yes","No",149556,"Yes"
12643,32,"M","City_center",117016,"Yes",2,"Yes","Yes","Yes","No",58508,"No"
12644,63,"M","Suburban",390160,"Yes",1,"Yes","Yes","No","Yes",390160,"Yes"
12645,46,"M","Rural",168768,"Yes",1,"Yes","Yes","Yes","No",168768,"Yes"
12646,40,"M","City_center",290048,"No",0,"No","No","Yes","Yes",290048,"Yes"
12647,27,"F","City_center",122248,"No",0,"Yes","No","No","Yes",122248,"Yes"
12648,22,"M","Suburban",74528,"Yes",2,"Yes","Yes","Yes","No",37264,"No"
12649,42,"M","Rural",165888,"Yes",1,"Yes","Yes","Yes","No",165888,"Yes"
12650,58,"F","Small_town",421296,"Yes",1,"Yes","Yes","Yes","Yes",421296,"Yes"
12651,23,"F","City_center",64160,"Yes",1,"Yes","No","Yes","No",64160,"No"
12652,58,"M","Suburban",257960,"Yes",3,"No","No","No","No","85986.6666666667","No"
12653,45,"M","City_center",328856,"Yes",2,"Yes","Yes","Yes","No",164428,"No"
12654,49,"F","Suburban",314864,"Yes",0,"Yes","No","No","Yes",314864,"No"
12655,67,"F","City_center",288760,"Yes",3,"Yes","Yes","Yes","No","96253.3333333333","No"
12656,20,"F","Small_town",61784,"Yes",2,"Yes","Yes","Yes","No",30892,"No"
12657,43,"F","Rural",148520,"Yes",1,"Yes","Yes","Yes","Yes",148520,"Yes"
12658,41,"M","Rural",201056,"Yes",0,"No","No","Yes","No",201056,"No"
12659,38,"F","Suburban",250320,"Yes",0,"No","Yes","Yes","No",250320,"No"
12660,67,"F","Suburban",198864,"Yes",0,"No","No","Yes","Yes",198864,"Yes"
12661,40,"M","City_center",131184,"No",1,"No","Yes","Yes","No",131184,"Yes"
12662,25,"F","Suburban",186296,"No",0,"No","No","Yes","Yes",186296,"Yes"
12663,57,"F","Rural",407176,"Yes",0,"No","Yes","Yes","No",407176,"No"
12664,32,"F","City_center",179568,"No",1,"No","No","Yes","Yes",179568,"Yes"
12665,44,"M","Suburban",184736,"Yes",0,"Yes","No","Yes","Yes",184736,"Yes"
12666,30,"M","Small_town",198936,"Yes",0,"Yes","Yes","No","No",198936,"No"
12667,43,"M","Small_town",177872,"Yes",0,"No","No","Yes","Yes",177872,"No"
12668,19,"F","City_center",138968,"Yes",2,"Yes","Yes","Yes","No",69484,"No"
12669,37,"F","Small_town",236592,"Yes",0,"Yes","Yes","Yes","No",236592,"No"
12670,49,"M","City_center",143552,"No",1,"Yes","Yes","Yes","Yes",143552,"Yes"
12671,49,"F","Rural",269320,"No",3,"Yes","No","Yes","No","89773.3333333333","No"
12672,40,"M","City_center",289328,"Yes",0,"No","No","No","No",289328,"No"
12673,33,"F","Suburban",221696,"No",2,"No","Yes","Yes","No",110848,"Yes"
12674,39,"M","Small_town",179200,"Yes",2,"Yes","Yes","Yes","No",89600,"No"
12675,43,"F","City_center",227752,"Yes",0,"Yes","Yes","Yes","No",227752,"No"
12676,37,"M","Small_town",243904,"Yes",0,"No","Yes","Yes","Yes",243904,"No"
12677,24,"F","Small_town",153280,"Yes",1,"Yes","Yes","Yes","No",153280,"Yes"
12678,62,"M","Small_town",362736,"Yes",0,"Yes","Yes","No","No",362736,"Yes"
12679,18,"M","City_center",50352,"No",0,"No","Yes","Yes","Yes",50352,"No"
12680,47,"F","Small_town",201016,"Yes",0,"Yes","No","No","No",201016,"No"
12681,63,"M","Suburban",415032,"Yes",2,"Yes","Yes","No","Yes",207516,"Yes"
12682,20,"M","Small_town",101152,"Yes",2,"Yes","No","Yes","Yes",50576,"No"
12683,46,"F","Small_town",175872,"No",3,"No","Yes","No","No",58624,"No"
12684,47,"F","Rural",232744,"No",2,"Yes","Yes","Yes","No",116372,"No"
12685,33,"M","Small_town",188224,"Yes",1,"No","Yes","Yes","Yes",188224,"Yes"
12686,20,"M","Small_town",76128,"No",3,"Yes","Yes","Yes","No",25376,"No"
12687,20,"M","City_center",146912,"Yes",1,"No","No","Yes","No",146912,"Yes"
12688,43,"F","Small_town",250184,"No",1,"Yes","Yes","No","No",250184,"Yes"
12689,58,"M","Rural",397384,"Yes",0,"No","Yes","Yes","No",397384,"No"
12690,29,"M","Suburban",100984,"Yes",1,"Yes","Yes","Yes","No",100984,"No"
12691,25,"M","City_center",190544,"Yes",0,"No","No","No","No",190544,"No"
12692,40,"F","City_center",251784,"No",2,"No","Yes","Yes","Yes",125892,"Yes"
12693,48,"M","Small_town",162144,"Yes",0,"No","Yes","Yes","No",162144,"No"
12694,65,"M","Suburban",411336,"Yes",2,"No","Yes","Yes","No",205668,"Yes"
12695,59,"F","Rural",247768,"Yes",3,"Yes","Yes","Yes","Yes","82589.3333333333","No"
12696,61,"F","City_center",376200,"No",2,"Yes","Yes","Yes","Yes",188100,"No"
12697,30,"F","City_center",77376,"Yes",0,"Yes","Yes","Yes","No",77376,"No"
12698,31,"F","Small_town",127808,"Yes",0,"Yes","Yes","No","No",127808,"Yes"
12699,29,"M","City_center",117688,"Yes",0,"No","Yes","No","Yes",117688,"No"
12700,38,"M","Small_town",213368,"No",0,"Yes","No","Yes","Yes",213368,"Yes"
