Card num.,Amount,Payment,Gender,Tenant,Income,Age,Fruits & vegetables,Meat,Milk products,Canned vegetables,Canned meat,Frozen goods,Beer,Wine,Soda drinks,Fish,Textile
39808,427.12,Cheque,M,Yes,270000,46,No,Yes,Yes,No,No,No,No,No,No,No,Yes
67362,253.56,Cash,F,Yes,300000,28,No,Yes,No,No,No,No,No,No,No,No,Yes
10872,206.17,Cash,M,Yes,132000,36,No,No,No,Yes,No,Yes,Yes,No,No,Yes,No
26748,236.88,Card,F,Yes,122000,26,No,No,Yes,No,No,No,No,Yes,No,No,No
91609,188.13,Card,M,No,110000,24,No,No,No,No,No,No,No,No,No,No,No
26630,464.86,Card,F,Yes,150000,35,No,Yes,No,No,No,No,No,Yes,No,Yes,No
62995,140.46,Cash,F,No,208000,30,Yes,No,No,No,No,No,No,No,Yes,No,No
38765,222.03,Cash,M,No,244000,22,No,No,No,No,No,No,Yes,No,No,No,No
28935,229.75,Cheque,F,Yes,295000,46,Yes,No,No,No,No,Yes,No,No,No,No,No
41792,145.69,Cash,M,Yes,296000,22,Yes,No,No,No,No,No,No,No,No,Yes,No
59480,103.28,Cash,F,Yes,271000,18,Yes,Yes,Yes,Yes,No,No,No,Yes,No,Yes,No
60755,137.79,Cash,F,No,200000,48,Yes,No,No,No,No,No,No,No,No,Yes,No
70998,365.09,Card,M,No,273000,43,No,No,Yes,No,Yes,Yes,No,No,No,Yes,No
80617,102.01,Cheque,F,No,280000,43,No,No,No,No,No,No,No,No,Yes,Yes,No
61144,103.73,Cash,F,Yes,274000,24,Yes,No,Yes,No,No,No,No,No,Yes,Yes,No
36405,348.22,Cheque,F,No,184000,19,No,No,No,No,No,Yes,Yes,No,Yes,No,No
76567,422.48,Card,M,No,231000,31,Yes,No,No,Yes,No,No,No,No,No,Yes,No
85699,181.68,Cash,F,No,270000,29,No,No,No,No,No,No,No,No,No,Yes,No
11357,107.53,Cash,F,No,231000,26,No,No,No,No,No,No,Yes,No,No,Yes,No
97761,323.18,Card,F,No,258000,38,Yes,No,No,Yes,No,No,No,Yes,No,Yes,Yes
20362,317.2,Cash,M,No,251000,38,No,No,No,No,No,Yes,No,No,No,Yes,No
33173,368.32,Cash,F,No,247000,43,No,No,No,No,No,No,No,Yes,No,No,Yes
69934,311.78,Cheque,F,No,213000,41,No,No,No,No,No,No,No,No,No,Yes,No
14743,216.81,Cash,M,No,124000,48,No,Yes,Yes,Yes,Yes,Yes,Yes,Yes,No,No,No
83071,298.53,Cash,M,No,181000,31,No,No,No,No,No,No,Yes,No,No,No,Yes
17571,152.7,Card,F,No,229000,23,No,No,Yes,No,No,Yes,Yes,No,No,No,No
37917,322.31,Cheque,F,Yes,270000,32,No,Yes,No,No,No,No,No,Yes,No,No,Yes
11236,425.66,Card,M,No,268000,34,No,No,No,No,No,No,No,No,No,No,No
47914,445.91,Cash,F,No,247000,32,No,Yes,No,No,No,No,No,Yes,No,Yes,Yes
58154,491.36,Cheque,M,Yes,213000,50,No,No,No,No,Yes,No,No,No,No,No,No
35197,403.39,Cash,M,Yes,274000,38,No,No,No,No,No,Yes,Yes,Yes,No,Yes,No
64892,389.99,Cash,F,No,129000,46,No,No,No,No,No,Yes,No,Yes,No,No,No
102467,137.62,Card,F,No,267000,48,No,No,No,Yes,Yes,No,Yes,Yes,No,No,No
56677,303.09,Cash,F,Yes,278000,42,Yes,No,No,No,No,No,No,No,No,No,No
94105,103.71,Card,M,No,241000,44,No,Yes,No,No,No,No,No,No,Yes,No,No
63817,291.74,Cheque,M,No,196000,28,No,No,No,No,No,No,No,No,No,No,No
44887,468.98,Card,M,No,284000,41,Yes,No,No,No,No,No,No,No,No,No,No
69720,137.83,Card,F,Yes,166000,41,No,Yes,No,No,No,No,No,No,No,No,No
97267,330.61,Cheque,F,No,102000,19,No,No,No,No,No,No,No,No,No,Yes,Yes
53750,385.11,Cheque,F,No,248000,23,No,No,No,No,No,No,No,Yes,No,No,Yes
109530,374.84,Card,M,Yes,211000,30,No,Yes,No,No,No,No,Yes,No,No,No,No
65493,267.73,Cash,M,No,199000,43,No,No,No,No,No,No,No,No,Yes,No,No
96694,282.75,Card,M,Yes,163000,28,No,No,No,Yes,Yes,Yes,Yes,Yes,No,Yes,No
46730,416.17,Card,F,Yes,187000,35,Yes,No,No,No,Yes,No,No,No,No,No,No
60499,118.44,Cash,M,No,128000,30,Yes,Yes,No,No,No,No,No,No,No,No,No
73004,130.57,Cheque,M,No,238000,18,No,No,No,No,No,No,No,Yes,No,No,No
21787,195.36,Cash,M,Yes,197000,45,No,No,No,No,No,No,No,No,No,Yes,No
28314,388.06,Card,F,No,292000,37,No,No,No,No,No,Yes,No,Yes,No,No,Yes
24651,321.21,Cash,F,Yes,227000,37,No,No,No,No,No,No,No,Yes,Yes,No,Yes
29367,433.14,Cheque,M,No,288000,35,No,No,No,No,No,Yes,No,No,No,No,No
15072,416.45,Card,M,Yes,284000,34,No,No,No,No,No,Yes,No,No,No,No,No
33622,392.37,Cash,M,Yes,262000,25,Yes,No,No,No,No,No,Yes,Yes,No,Yes,No
42167,106.2,Card,F,Yes,111000,35,No,Yes,No,No,No,No,No,Yes,Yes,No,No
43550,105.36,Cash,M,Yes,102000,47,No,No,No,Yes,No,Yes,Yes,No,Yes,No,No
18724,491.77,Cash,F,Yes,135000,17,No,No,Yes,No,No,No,Yes,No,No,No,No
91019,484.02,Card,M,No,241000,29,No,No,No,No,No,No,No,Yes,No,No,No
68193,157.15,Card,F,No,296000,24,Yes,No,No,No,No,No,No,No,No,No,No
35262,262.51,Cheque,M,No,181000,22,Yes,No,No,Yes,No,No,Yes,Yes,No,No,No
93401,457.96,Card,F,No,297000,25,No,No,No,No,No,No,No,Yes,No,Yes,Yes
15177,247.91,Card,F,Yes,117000,46,No,No,No,No,No,No,No,No,No,No,Yes
96173,263.48,Card,F,Yes,138000,31,No,No,No,No,No,No,No,No,Yes,No,No
50180,355.43,Cash,M,No,237000,42,No,No,No,Yes,Yes,No,No,No,Yes,No,Yes
31828,304.26,Card,M,Yes,120000,17,Yes,No,Yes,No,Yes,No,No,No,No,Yes,No
62022,427.13,Cash,F,Yes,133000,40,No,No,No,No,No,No,No,Yes,No,No,Yes
105225,285.34,Cash,M,Yes,216000,35,Yes,No,Yes,No,No,No,No,No,No,No,Yes
64668,312,Cash,M,Yes,112000,49,No,No,Yes,Yes,Yes,Yes,Yes,No,Yes,No,No
53320,462.7,Card,M,No,182000,39,No,No,No,No,Yes,No,No,No,Yes,Yes,No
15068,178.94,Cheque,M,No,214000,50,No,No,No,No,No,No,Yes,No,No,No,No
99849,370.25,Cash,F,No,114000,17,Yes,No,Yes,No,No,No,No,No,No,No,No
63694,223.04,Card,F,No,117000,29,Yes,No,Yes,Yes,No,No,No,No,No,No,No
24874,359.38,Cash,F,No,267000,46,Yes,Yes,Yes,No,No,No,No,Yes,No,No,Yes
104988,243.26,Cash,M,Yes,248000,39,No,No,No,No,Yes,No,No,No,No,No,No
84902,449.99,Card,M,No,296000,50,No,No,No,No,No,Yes,No,No,No,No,No
96512,378.72,Card,F,Yes,205000,43,Yes,No,No,No,No,No,Yes,Yes,No,No,Yes
99575,192.13,Card,M,No,281000,38,No,No,No,No,No,Yes,No,No,No,Yes,No
33413,379.01,Cash,F,Yes,207000,39,No,No,No,No,No,Yes,No,Yes,No,No,Yes
57678,476.59,Cheque,M,Yes,249000,29,No,No,No,No,No,Yes,No,No,No,No,No
89425,288.61,Cheque,M,Yes,203000,17,Yes,No,No,Yes,No,No,Yes,No,No,Yes,No
60571,246.7,Cash,F,Yes,186000,29,No,No,No,No,No,Yes,No,No,No,Yes,No
76095,280.02,Cheque,M,No,110000,46,No,No,No,Yes,No,Yes,Yes,No,No,No,No
48247,486.79,Cheque,F,Yes,110000,50,No,No,No,No,No,No,No,No,No,No,No
88019,473.6,Cheque,M,No,233000,41,Yes,No,No,No,No,No,No,No,No,No,No
30850,171.81,Cash,F,Yes,199000,34,Yes,No,No,No,No,No,No,No,No,Yes,No
66117,254.94,Cheque,F,Yes,272000,26,No,No,No,No,Yes,No,No,No,No,Yes,No
97377,282.63,Card,F,Yes,127000,24,No,No,No,No,No,No,Yes,No,No,No,No
101722,157.22,Cheque,M,Yes,294000,31,No,Yes,No,No,No,Yes,No,No,No,Yes,No
43498,336.06,Cheque,F,No,170000,44,No,No,No,No,No,No,No,No,No,No,No
44562,135.32,Cheque,F,No,286000,50,No,No,No,No,No,Yes,No,No,Yes,No,No
74710,163.7,Card,F,No,273000,30,No,No,No,No,No,No,No,No,No,No,No
85585,364.26,Card,F,No,263000,46,No,No,No,No,No,No,No,Yes,Yes,No,Yes
97287,353.7,Cheque,M,Yes,138000,49,No,No,No,Yes,No,Yes,Yes,Yes,No,Yes,No
19268,250.55,Cash,F,No,110000,29,No,No,No,No,No,No,No,No,No,No,No
50150,395.24,Cash,F,Yes,188000,27,Yes,No,No,No,No,No,No,Yes,Yes,Yes,No
67455,181.98,Card,F,No,193000,40,No,Yes,No,No,No,No,Yes,No,No,No,No
16350,318.92,Card,F,No,229000,16,Yes,Yes,No,No,No,No,No,No,No,No,No
42778,352.8,Cash,M,No,155000,17,No,No,Yes,Yes,No,Yes,Yes,No,Yes,No,No
98181,163.51,Cash,F,No,219000,24,No,No,Yes,No,No,No,No,No,Yes,No,Yes
106522,100.07,Cheque,M,No,145000,22,No,No,No,Yes,No,Yes,Yes,No,No,No,No
36278,430.06,Cash,M,Yes,204000,40,No,Yes,No,No,No,Yes,No,No,Yes,No,No
26130,126.21,Cheque,F,Yes,184000,45,No,No,No,Yes,No,No,No,Yes,No,No,No
57851,295.62,Cash,F,No,187000,43,Yes,No,No,No,Yes,No,Yes,No,No,No,Yes
81971,193.67,Cash,M,Yes,282000,17,Yes,No,Yes,Yes,No,No,No,No,No,Yes,No
57068,228.53,Cheque,M,Yes,209000,42,No,No,Yes,No,No,No,No,No,No,No,No
69122,320.16,Card,M,No,293000,34,No,No,Yes,No,Yes,No,No,No,No,No,No
68489,225.68,Cheque,F,No,249000,18,No,No,No,No,No,Yes,No,No,No,Yes,No
46471,254.79,Cheque,M,No,171000,23,No,No,No,No,No,No,No,No,No,No,No
88359,230.21,Card,F,No,191000,21,Yes,Yes,No,No,No,No,No,No,No,No,Yes
44294,385.31,Cash,M,Yes,163000,18,No,No,Yes,Yes,No,Yes,Yes,No,No,No,No
95604,235.05,Cheque,M,Yes,116000,44,No,No,No,Yes,Yes,Yes,Yes,Yes,No,Yes,No
103596,274.25,Card,F,Yes,123000,26,No,No,No,No,Yes,No,No,No,Yes,No,No
103473,250.33,Cheque,F,No,121000,26,No,No,No,No,Yes,Yes,No,No,No,No,No
94467,189.58,Cash,M,No,166000,49,No,No,No,Yes,No,Yes,Yes,No,Yes,Yes,No
38097,371.38,Cash,M,Yes,117000,19,Yes,No,No,Yes,Yes,Yes,Yes,Yes,No,Yes,No
49632,107.71,Card,M,Yes,217000,21,No,No,No,Yes,Yes,No,No,No,No,Yes,Yes
82558,101.07,Card,F,No,275000,22,No,Yes,No,No,No,No,Yes,Yes,Yes,No,No
50324,201,Cash,M,No,289000,16,No,Yes,No,No,No,No,No,No,Yes,Yes,No
38468,427.9,Card,F,No,183000,23,No,No,No,No,No,No,No,No,No,No,No
38055,144.49,Card,F,No,226000,25,Yes,No,No,No,No,No,No,No,No,No,No
74876,182.93,Cash,M,No,171000,45,No,No,Yes,No,No,No,Yes,No,No,No,Yes
18079,248.16,Card,M,No,198000,32,No,No,Yes,No,No,No,No,Yes,No,No,No
16316,391.7,Cheque,M,Yes,233000,22,Yes,No,Yes,No,No,Yes,No,No,No,Yes,No
37166,164.83,Card,F,Yes,216000,23,Yes,No,No,No,No,No,Yes,No,No,Yes,No
18334,424.34,Cash,F,Yes,259000,43,No,No,No,No,No,Yes,No,Yes,No,No,Yes
102645,134.21,Card,F,No,172000,23,No,No,No,Yes,Yes,No,No,No,No,No,No
101100,189.59,Card,M,No,166000,42,No,No,No,Yes,No,Yes,Yes,Yes,No,No,No
64861,187.71,Cash,M,No,272000,49,No,No,Yes,No,No,Yes,Yes,No,No,No,Yes
19041,146.82,Card,F,Yes,211000,23,Yes,Yes,No,Yes,No,No,No,No,No,Yes,No
85771,100.45,Card,F,Yes,157000,36,No,No,No,No,Yes,No,No,Yes,No,No,Yes
79303,396.49,Cash,M,Yes,170000,19,Yes,No,Yes,No,No,No,No,No,No,Yes,No
92675,445.15,Cheque,F,Yes,181000,47,No,Yes,No,No,No,No,No,No,No,No,No
71690,136.36,Cash,F,Yes,293000,18,Yes,No,No,No,No,No,Yes,No,Yes,Yes,No
86350,121.84,Card,F,Yes,182000,49,No,No,No,No,No,Yes,No,No,Yes,No,No
88260,297.78,Card,F,Yes,120000,34,No,No,Yes,Yes,No,No,No,No,No,No,No
86759,484.56,Card,F,Yes,148000,34,No,No,No,Yes,No,No,No,No,No,No,No
49861,388.49,Cash,M,No,203000,32,No,No,No,No,No,No,Yes,No,No,No,No
21543,139.17,Cheque,F,Yes,289000,27,No,No,No,Yes,No,Yes,No,Yes,Yes,No,No
70481,317,Cheque,M,No,298000,30,No,No,No,Yes,No,No,Yes,No,Yes,Yes,No
29944,428.98,Cash,M,Yes,298000,18,Yes,No,No,No,No,Yes,Yes,No,Yes,Yes,No
46054,142.81,Card,M,Yes,150000,46,No,Yes,No,Yes,Yes,Yes,Yes,No,Yes,No,Yes
61329,269.28,Card,F,No,172000,49,Yes,No,No,No,No,No,No,No,No,No,No
24566,394.48,Card,F,No,243000,34,No,No,No,Yes,Yes,No,No,Yes,No,Yes,Yes
58768,180.79,Cheque,F,No,108000,16,No,No,No,No,No,No,No,Yes,Yes,No,No
71343,482.75,Cash,M,No,137000,38,No,No,No,Yes,No,Yes,Yes,No,No,No,No
55418,208.81,Card,F,No,168000,23,Yes,No,No,No,No,No,No,No,No,No,No
18228,317.27,Cash,M,Yes,177000,41,No,No,No,Yes,No,No,No,No,No,No,No
37305,339.6,Card,M,Yes,182000,49,No,No,No,No,No,No,No,No,No,No,No
30243,303.91,Cash,M,No,115000,33,No,Yes,No,Yes,Yes,Yes,Yes,Yes,No,No,Yes
59599,274.88,Cash,F,No,187000,28,No,No,No,No,Yes,Yes,Yes,No,No,No,No
61869,318.01,Cash,M,Yes,121000,46,Yes,No,No,Yes,No,Yes,Yes,Yes,No,No,No
10360,274.01,Cheque,M,Yes,134000,20,Yes,No,No,Yes,No,Yes,Yes,No,No,Yes,No
83338,262.06,Cash,M,Yes,185000,41,No,No,No,No,Yes,No,No,No,No,No,No
39080,183.87,Card,F,No,210000,36,No,No,No,Yes,No,No,No,No,No,Yes,No
84799,313.19,Card,M,No,176000,21,No,Yes,No,No,Yes,No,No,No,No,No,No
51979,205.28,Card,M,No,111000,16,No,No,No,Yes,Yes,Yes,Yes,No,No,No,Yes
40505,430.39,Card,F,Yes,254000,50,No,Yes,Yes,No,No,No,No,Yes,No,No,Yes
37098,266.37,Card,F,No,141000,37,Yes,Yes,No,No,No,No,No,No,Yes,No,No
29524,107.12,Cash,F,No,251000,37,No,No,No,Yes,No,No,No,No,No,No,No
63452,178.91,Cash,M,Yes,120000,48,No,No,No,Yes,Yes,Yes,Yes,No,No,No,No
20158,237.44,Cheque,M,No,290000,43,No,No,No,No,Yes,No,No,No,No,Yes,No
70182,113,Card,F,No,122000,18,No,No,No,Yes,No,Yes,No,No,No,No,No
56034,412.71,Cash,M,Yes,141000,16,Yes,Yes,No,Yes,No,Yes,Yes,No,No,Yes,No
44235,277.26,Cash,F,No,232000,41,No,No,Yes,No,No,No,Yes,Yes,No,No,Yes
96881,146.11,Card,M,No,119000,39,No,No,No,Yes,Yes,Yes,Yes,Yes,No,No,No
27166,134.51,Cash,F,No,251000,44,No,No,No,No,No,No,No,No,No,No,No
39884,312.73,Cash,M,Yes,297000,21,No,No,No,No,No,No,No,Yes,No,No,No
95141,453.42,Card,F,No,209000,37,Yes,No,No,No,No,No,No,Yes,No,No,Yes
28110,276.97,Card,M,No,121000,21,No,No,No,No,No,Yes,No,No,No,No,No
85259,409.3,Card,F,No,110000,22,Yes,No,No,No,No,Yes,Yes,No,No,No,No
14996,222.59,Cash,M,No,261000,17,No,Yes,Yes,Yes,No,Yes,No,No,No,Yes,Yes
55652,417.16,Card,M,Yes,141000,20,Yes,No,No,Yes,No,Yes,Yes,No,No,Yes,No
43964,294.58,Cash,F,Yes,185000,24,Yes,No,No,Yes,No,No,No,Yes,No,Yes,No
51183,223.15,Cash,F,Yes,231000,25,No,No,No,No,No,No,No,No,No,No,No
29310,498.45,Cash,M,No,289000,22,No,No,No,No,No,No,No,Yes,Yes,No,No
21187,205.74,Cheque,F,No,154000,36,No,Yes,No,No,No,No,Yes,No,No,No,No
83536,319.36,Cash,F,Yes,116000,22,No,No,No,No,No,No,Yes,No,Yes,Yes,No
95887,431.96,Cash,M,Yes,125000,27,No,No,No,Yes,Yes,Yes,Yes,No,Yes,No,No
88176,345.36,Card,F,No,283000,31,No,No,Yes,No,No,Yes,No,Yes,Yes,No,Yes
65418,386.01,Cash,F,No,246000,48,No,No,No,No,No,No,No,Yes,No,No,Yes
27766,400.77,Card,F,Yes,189000,34,Yes,No,No,No,No,No,Yes,No,No,No,No
66191,375.23,Cash,F,Yes,226000,35,Yes,No,Yes,No,No,Yes,Yes,No,No,No,No
108764,446.29,Cash,M,No,102000,27,No,No,No,Yes,No,Yes,Yes,Yes,No,Yes,No
12782,313.29,Cheque,F,Yes,203000,31,No,No,No,Yes,No,No,Yes,No,No,No,No
75118,317.77,Cheque,F,No,222000,49,No,No,No,No,Yes,No,No,No,No,No,No
58188,360.63,Card,M,Yes,299000,19,Yes,No,No,No,Yes,No,No,No,No,Yes,No
95479,457.41,Cheque,M,Yes,227000,32,No,No,No,Yes,Yes,No,No,Yes,No,No,Yes
59439,207.78,Cash,M,No,220000,24,Yes,No,No,No,No,No,Yes,No,No,No,No
104903,344.43,Cash,F,Yes,282000,30,Yes,No,No,No,No,No,No,Yes,No,No,Yes
44825,369.44,Card,F,Yes,126000,50,No,Yes,No,No,No,No,No,No,No,Yes,Yes
71887,300.67,Cash,M,Yes,147000,46,No,Yes,No,Yes,No,Yes,Yes,Yes,No,Yes,Yes
18708,307.86,Cash,F,No,259000,35,No,No,No,Yes,Yes,Yes,Yes,No,No,Yes,No
74423,223.17,Cash,F,No,200000,18,No,No,No,No,No,No,Yes,No,No,No,No
97967,115.14,Cash,F,Yes,276000,48,No,No,No,No,No,No,No,No,Yes,Yes,No
20386,398.29,Cheque,F,No,154000,32,No,No,Yes,No,No,No,No,No,No,No,No
77218,382.71,Card,M,Yes,165000,34,Yes,No,No,Yes,No,Yes,Yes,Yes,No,Yes,No
80137,128.47,Cash,F,Yes,222000,33,No,No,No,No,No,No,No,No,No,No,No
84092,348.49,Card,F,Yes,220000,48,Yes,No,Yes,No,No,Yes,No,Yes,Yes,Yes,Yes
58914,289.16,Card,F,No,255000,50,No,No,No,No,No,Yes,No,No,No,No,No
16287,425.53,Cash,F,Yes,258000,16,Yes,No,No,No,No,No,No,No,Yes,Yes,Yes
86044,305.43,Card,M,Yes,139000,30,No,No,No,Yes,No,Yes,Yes,Yes,Yes,No,No
36927,201.81,Cheque,M,Yes,111000,35,No,No,No,Yes,No,Yes,Yes,No,No,No,Yes
93304,424.56,Card,M,Yes,282000,34,No,No,No,No,No,Yes,No,No,No,No,Yes
66988,179.59,Card,M,No,123000,43,No,No,No,Yes,No,Yes,Yes,No,No,Yes,No
55091,402.27,Cash,M,Yes,244000,19,No,No,No,No,Yes,No,Yes,No,No,No,No
64215,170.99,Cash,M,Yes,153000,42,Yes,No,No,Yes,Yes,Yes,Yes,No,No,No,No
28629,448.1,Cash,M,Yes,262000,31,No,No,No,No,No,No,Yes,No,No,No,Yes
98383,338.64,Cash,M,Yes,245000,32,No,No,No,Yes,Yes,Yes,No,No,No,No,Yes
107505,213.63,Cash,F,No,250000,32,No,No,No,No,No,No,No,No,No,No,Yes
99578,157.68,Card,M,Yes,243000,27,No,No,No,No,Yes,No,No,No,Yes,No,Yes
28979,358.49,Cheque,F,No,201000,21,No,No,No,Yes,No,No,No,Yes,No,No,Yes
102733,285.15,Cash,F,Yes,172000,24,Yes,No,No,No,No,No,No,No,No,Yes,Yes
81690,373.61,Card,F,Yes,239000,36,No,No,No,No,No,No,No,Yes,No,No,Yes
25405,364.16,Card,M,Yes,276000,36,No,No,No,No,Yes,No,No,No,No,Yes,No
85348,402.67,Cheque,F,No,124000,24,No,No,No,No,Yes,No,No,No,No,No,No
19915,400.86,Cash,F,Yes,157000,21,Yes,No,No,No,Yes,No,No,No,No,Yes,No
99387,106.18,Cash,F,Yes,165000,49,No,Yes,No,No,Yes,No,No,No,No,No,Yes
32380,111.22,Card,F,No,189000,20,Yes,No,No,Yes,No,No,No,Yes,No,No,No
39914,367.28,Card,F,No,137000,26,Yes,No,Yes,No,No,No,No,No,No,No,No
57952,351.48,Cheque,F,Yes,269000,48,No,No,No,Yes,No,No,No,Yes,No,No,Yes
64239,275.08,Card,M,No,158000,22,No,No,No,Yes,No,Yes,Yes,Yes,Yes,No,No
38014,233.31,Cheque,F,Yes,160000,42,No,Yes,No,Yes,Yes,Yes,No,No,Yes,No,No
21875,107.26,Cash,F,Yes,250000,17,Yes,No,No,No,No,No,No,Yes,No,Yes,No
37939,497.31,Card,M,No,283000,18,Yes,Yes,No,No,Yes,No,No,No,Yes,No,No
109061,373.48,Cash,F,Yes,278000,50,No,Yes,No,No,No,No,No,Yes,No,No,Yes
100754,113.29,Cheque,F,Yes,171000,16,Yes,No,No,Yes,No,Yes,No,No,No,Yes,No
28313,348.88,Cash,F,Yes,277000,48,Yes,No,No,No,No,No,No,Yes,No,No,Yes
82753,375.76,Cheque,F,No,232000,42,Yes,Yes,Yes,No,No,No,No,Yes,No,No,Yes
105412,183.09,Cash,M,Yes,185000,29,No,No,No,No,No,No,Yes,No,No,No,No
42583,356.75,Cash,F,No,133000,24,No,No,No,No,No,No,No,No,No,No,No
89233,376.83,Card,F,No,284000,17,No,Yes,No,No,No,No,No,No,No,No,No
76777,437.48,Card,F,Yes,269000,28,No,No,No,No,No,No,No,Yes,No,No,Yes
16220,347.87,Cheque,M,Yes,153000,33,No,No,No,Yes,No,Yes,Yes,No,Yes,No,Yes
17864,356.56,Cheque,F,Yes,289000,18,Yes,No,Yes,No,No,No,No,Yes,No,Yes,Yes
87270,314.86,Cheque,M,Yes,213000,29,No,No,Yes,Yes,Yes,No,No,Yes,No,No,No
34593,358.23,Card,M,No,268000,50,No,No,Yes,No,Yes,Yes,No,Yes,No,No,No
67697,129.47,Card,M,Yes,182000,44,No,No,Yes,No,No,Yes,No,No,No,No,No
32302,338.3,Card,F,No,125000,37,No,No,No,No,No,No,No,No,No,No,No
15663,451.9,Card,F,No,197000,45,No,No,No,No,No,No,Yes,No,No,No,No
108601,141.21,Cash,M,Yes,171000,49,No,No,No,No,No,No,No,Yes,No,Yes,No
55951,156.79,Card,M,Yes,236000,39,No,No,No,No,No,No,No,Yes,No,No,Yes
39817,132,Cash,F,No,175000,49,No,No,No,No,No,No,Yes,No,No,No,No
19613,461.5,Card,F,No,110000,45,No,No,No,No,Yes,No,No,No,No,No,No
71600,473.23,Cheque,M,Yes,124000,33,Yes,No,No,Yes,Yes,Yes,Yes,Yes,No,Yes,No
96561,303.75,Card,M,Yes,170000,29,No,No,No,No,No,No,No,No,No,No,No
90861,382.55,Cash,F,No,186000,29,Yes,Yes,No,No,No,No,No,No,No,No,Yes
68501,153.72,Cheque,F,Yes,240000,31,Yes,Yes,No,No,No,No,No,No,Yes,Yes,No
30132,239.35,Cash,M,Yes,157000,23,Yes,No,Yes,Yes,No,Yes,Yes,No,No,Yes,No
78639,320.69,Cash,M,Yes,279000,48,No,No,No,No,No,No,No,No,No,Yes,No
46419,453.23,Card,F,Yes,200000,27,No,No,No,No,No,No,No,No,No,No,Yes
50633,230.63,Cheque,M,No,192000,46,No,No,No,No,No,No,No,No,No,No,Yes
11553,151.13,Cash,M,Yes,283000,27,No,No,No,No,No,No,No,No,No,No,Yes
65853,206.81,Cash,M,No,175000,33,Yes,No,Yes,No,No,No,No,No,No,No,No
47547,428.15,Cash,F,No,169000,46,No,No,No,No,No,No,No,No,Yes,No,No
38360,350.15,Cash,F,No,147000,27,No,No,No,Yes,No,No,No,No,No,No,No
107728,169.6,Cheque,F,Yes,268000,49,No,Yes,No,No,No,Yes,Yes,Yes,No,No,No
30390,266.27,Cash,M,No,214000,25,No,No,No,No,No,No,No,No,Yes,No,No
75815,191.92,Card,F,No,192000,40,No,No,No,No,No,Yes,No,Yes,No,No,Yes
106288,100.92,Cheque,F,No,123000,23,No,No,No,Yes,No,No,No,No,No,No,Yes
88596,341.08,Cash,F,Yes,284000,38,No,No,Yes,No,No,No,No,Yes,Yes,No,Yes
93469,327.65,Cheque,M,Yes,248000,16,Yes,No,Yes,Yes,Yes,Yes,No,No,Yes,Yes,No
34756,152.7,Card,F,No,159000,18,No,No,No,No,No,No,No,No,No,No,No
12584,466.32,Card,F,No,174000,29,Yes,No,No,No,No,No,Yes,Yes,No,No,Yes
107080,294.06,Card,F,Yes,251000,43,No,No,No,Yes,No,No,No,No,No,No,No
73651,141.3,Cash,M,No,117000,22,Yes,Yes,No,No,No,No,No,No,No,No,No
54180,430.37,Cash,M,Yes,135000,32,No,Yes,No,Yes,No,Yes,Yes,No,No,No,No
45102,325.51,Cash,M,Yes,288000,16,Yes,No,No,No,No,Yes,No,No,No,Yes,No
85475,370.03,Card,M,No,245000,47,Yes,No,No,No,No,No,No,Yes,No,No,No
78363,494.13,Card,M,No,106000,18,Yes,No,No,Yes,No,Yes,Yes,Yes,No,No,No
23718,378.61,Cheque,M,No,297000,37,No,No,No,Yes,No,Yes,No,Yes,No,Yes,No
54152,205.95,Card,M,No,244000,38,No,No,No,No,No,Yes,Yes,Yes,No,No,No
93963,491.92,Card,M,No,251000,21,No,Yes,No,No,No,No,No,No,No,No,No
35561,344.23,Cash,M,No,133000,24,No,No,No,No,No,Yes,No,No,No,No,Yes
30371,308.87,Card,F,No,231000,24,Yes,No,No,No,No,No,No,No,No,No,No
93669,277.03,Cheque,F,Yes,216000,37,No,No,No,Yes,No,No,No,Yes,No,No,Yes
70858,209.46,Cash,M,No,176000,46,Yes,Yes,No,Yes,No,No,No,No,No,Yes,Yes
103147,438.62,Card,M,No,181000,28,No,No,No,Yes,No,No,No,No,No,No,No
80198,342.67,Card,F,Yes,283000,47,No,No,No,No,No,No,Yes,Yes,No,No,Yes
42459,326.44,Card,F,No,238000,47,No,No,No,No,Yes,Yes,No,Yes,Yes,No,Yes
36631,270.51,Cash,M,No,221000,16,No,No,No,No,No,No,No,No,No,No,No
43800,442.83,Card,F,No,279000,36,No,No,No,Yes,No,No,Yes,Yes,No,No,Yes
60240,219.87,Cash,M,No,238000,45,No,No,No,No,No,No,No,No,No,No,No
29640,285.95,Cash,F,Yes,178000,27,No,No,No,Yes,Yes,Yes,No,Yes,No,No,No
109000,149.64,Cash,F,No,178000,22,No,No,No,Yes,Yes,No,No,Yes,Yes,No,No
108739,109.73,Cash,M,Yes,208000,29,Yes,No,No,No,No,No,No,Yes,Yes,No,Yes
104165,322.96,Card,M,Yes,254000,43,No,No,No,No,No,No,No,Yes,No,No,No
73630,104.5,Card,F,Yes,198000,25,No,No,No,Yes,Yes,No,No,Yes,No,No,No
25765,356.81,Cheque,F,No,300000,25,No,No,No,No,No,No,No,Yes,No,No,Yes
84903,328.05,Card,F,Yes,296000,17,Yes,No,No,No,No,Yes,No,No,Yes,Yes,No
99347,346.65,Card,F,No,231000,44,No,Yes,Yes,Yes,No,No,No,Yes,No,No,Yes
41157,202.33,Cash,F,Yes,152000,40,Yes,No,Yes,No,Yes,Yes,No,No,Yes,No,No
20325,153.56,Card,M,No,266000,24,No,Yes,Yes,No,No,Yes,No,Yes,No,No,No
71462,409.97,Card,F,No,263000,42,No,Yes,No,No,No,No,No,Yes,No,No,Yes
91928,123.63,Card,F,Yes,143000,19,Yes,No,No,No,Yes,No,No,Yes,Yes,Yes,Yes
80306,319.96,Cash,F,Yes,152000,27,No,No,Yes,No,Yes,Yes,Yes,Yes,No,No,No
78113,143.91,Cash,F,No,238000,22,Yes,No,No,Yes,No,No,No,Yes,No,No,No
95488,119.75,Card,F,Yes,181000,26,Yes,No,Yes,No,No,No,No,No,No,No,No
27720,374.58,Card,F,Yes,134000,16,Yes,No,No,No,No,Yes,No,No,No,Yes,No
76264,159.9,Cheque,M,Yes,297000,16,Yes,Yes,No,No,No,No,No,No,No,Yes,No
38477,138.16,Cash,M,No,165000,38,No,Yes,No,No,No,No,No,No,No,No,Yes
43557,245.05,Cash,F,No,108000,25,Yes,No,No,No,No,No,No,No,No,No,No
10609,142.38,Cheque,F,Yes,167000,41,Yes,No,No,No,No,No,No,No,No,Yes,No
73259,168.79,Card,F,Yes,247000,42,Yes,No,No,No,Yes,No,No,No,No,No,No
18920,453.68,Cash,M,Yes,158000,49,No,No,No,Yes,No,No,No,Yes,Yes,No,No
39581,292.52,Cash,F,No,279000,49,No,No,No,No,No,No,No,No,No,No,No
14912,391.55,Cheque,M,No,281000,28,No,No,No,Yes,No,Yes,Yes,Yes,No,No,No
80438,158.34,Card,M,Yes,196000,38,No,No,No,No,No,No,No,Yes,No,No,Yes
81034,209.51,Cheque,M,No,128000,28,No,Yes,No,Yes,Yes,Yes,Yes,No,No,No,No
89250,436.04,Cash,F,Yes,279000,29,No,Yes,No,No,Yes,No,No,Yes,No,No,Yes
96982,154.96,Card,M,No,153000,49,Yes,No,No,Yes,No,Yes,Yes,No,No,No,No
89872,156.82,Card,F,No,191000,40,No,No,No,No,No,No,Yes,No,No,No,No
71140,220.94,Card,M,No,258000,42,No,No,No,No,No,No,Yes,No,No,No,No
83650,335.58,Cash,F,No,270000,22,No,No,No,No,No,No,No,No,No,Yes,No
14891,183.91,Cash,F,Yes,274000,26,No,No,No,Yes,No,No,No,No,No,No,No
83523,458.03,Cash,M,Yes,174000,40,No,No,No,No,No,No,No,No,No,No,No
48896,304.36,Cash,F,No,172000,22,No,No,No,No,No,No,No,No,No,No,No
68438,234.24,Cash,F,No,217000,46,Yes,No,No,No,No,No,No,No,No,No,Yes
86681,150,Cheque,F,Yes,135000,50,No,No,No,No,No,No,No,No,No,No,No
66267,156.86,Cash,F,Yes,273000,21,Yes,Yes,Yes,No,No,No,Yes,Yes,No,Yes,Yes
87975,278.2,Card,F,Yes,179000,26,No,No,Yes,No,No,No,No,No,No,Yes,No
39970,467.4,Cheque,M,No,139000,22,No,No,No,Yes,No,Yes,Yes,No,No,No,No
104111,274.52,Card,F,No,123000,20,No,No,Yes,No,No,No,No,No,No,Yes,Yes
92209,309.04,Cheque,F,No,227000,17,No,Yes,Yes,No,Yes,No,No,No,No,No,No
66711,414.07,Cash,F,Yes,154000,48,No,No,Yes,No,No,No,No,No,No,No,No
102215,131.64,Cash,M,No,144000,47,No,No,No,Yes,No,Yes,Yes,No,No,No,No
34750,219.03,Card,F,Yes,278000,48,Yes,No,No,Yes,Yes,No,Yes,No,No,No,No
62060,407.02,Card,M,No,111000,42,No,No,No,Yes,No,Yes,Yes,No,No,No,No
25524,459.48,Card,M,Yes,259000,36,No,No,No,Yes,Yes,Yes,No,No,No,No,No
45992,136.45,Cash,F,No,165000,49,No,No,No,No,No,No,No,No,No,No,No
47341,319.76,Card,M,Yes,203000,16,Yes,No,No,No,No,Yes,No,No,No,Yes,Yes
67799,169.72,Card,F,Yes,213000,16,Yes,No,No,No,No,Yes,No,No,No,Yes,Yes
47136,220.32,Cash,F,Yes,244000,43,No,No,No,No,No,No,No,No,No,Yes,No
17375,127.64,Cheque,M,No,218000,22,No,No,No,No,Yes,No,No,No,No,No,No
40789,111.86,Cash,F,Yes,128000,16,Yes,No,Yes,No,No,No,No,No,No,Yes,Yes
27673,375.65,Cash,F,No,290000,36,No,No,Yes,No,No,Yes,Yes,Yes,No,No,Yes
45375,394.94,Card,M,Yes,251000,50,No,No,No,No,Yes,Yes,No,No,No,No,No
58341,328.36,Cash,F,No,129000,38,No,No,No,Yes,Yes,No,No,No,No,No,No
37523,276.71,Card,F,Yes,252000,16,Yes,Yes,Yes,Yes,No,No,No,Yes,Yes,Yes,No
84042,181.84,Cash,M,Yes,142000,27,No,Yes,No,Yes,Yes,Yes,Yes,No,No,No,No
64561,236.79,Cash,F,No,282000,33,No,No,No,No,Yes,No,No,No,Yes,No,No
71078,108.52,Card,M,No,238000,31,No,No,No,No,No,No,No,No,No,No,No
43044,298.83,Cash,M,No,217000,32,Yes,Yes,No,No,No,No,No,No,Yes,No,No
32369,219.2,Cheque,M,No,235000,21,No,No,No,Yes,No,No,No,No,No,No,Yes
31552,362.77,Card,M,No,237000,17,Yes,No,Yes,No,No,No,No,No,No,No,Yes
41805,485.78,Cash,M,Yes,163000,25,No,No,No,Yes,No,Yes,Yes,No,No,Yes,Yes
46686,295.92,Cheque,F,Yes,175000,34,No,No,Yes,No,No,No,No,No,No,No,No
95896,372.82,Card,M,No,291000,21,No,No,No,No,No,No,No,Yes,No,No,No
63829,298.57,Card,F,Yes,131000,45,No,No,No,No,No,No,Yes,No,No,No,Yes
84180,104.23,Cheque,M,No,128000,47,No,No,No,Yes,No,Yes,Yes,No,No,No,No
91972,491.57,Card,F,Yes,267000,18,Yes,No,No,No,No,Yes,No,Yes,No,Yes,Yes
40542,442.28,Card,F,Yes,163000,42,No,No,No,No,No,No,No,No,No,No,No
44452,126.09,Card,F,Yes,119000,30,Yes,No,No,No,Yes,No,Yes,No,No,No,No
87151,441.18,Cheque,F,Yes,214000,30,No,No,Yes,No,Yes,Yes,No,Yes,No,Yes,Yes
23501,102.25,Cash,M,No,230000,49,No,No,No,No,No,No,No,Yes,Yes,Yes,Yes
25387,114.15,Card,F,No,149000,36,No,No,No,No,No,No,No,No,No,No,No
96584,173.35,Cash,M,No,266000,39,Yes,No,No,No,No,No,No,No,Yes,No,No
15306,223.24,Cash,M,Yes,165000,41,No,No,No,Yes,Yes,Yes,Yes,No,No,No,No
93920,225.39,Card,M,No,161000,18,No,Yes,No,Yes,No,Yes,Yes,Yes,No,No,No
103316,293.12,Cash,M,No,179000,46,No,Yes,No,No,No,No,No,No,No,No,Yes
17110,127.21,Cash,M,No,147000,45,No,No,No,Yes,Yes,Yes,Yes,No,No,No,No
71652,340.68,Card,M,No,133000,29,No,No,Yes,Yes,No,Yes,Yes,No,No,No,No
67211,168.53,Card,F,Yes,236000,43,No,No,No,No,No,No,No,No,No,No,No
88886,189.32,Card,M,No,153000,25,No,No,No,Yes,No,No,No,No,No,No,No
29224,409.48,Card,F,Yes,249000,16,Yes,No,No,No,Yes,No,Yes,Yes,No,Yes,Yes
46005,308.59,Card,M,Yes,262000,32,No,No,No,No,No,No,No,No,No,No,No
43111,434.37,Cash,F,No,114000,27,No,No,Yes,Yes,No,No,No,No,Yes,No,No
18126,347.13,Card,F,Yes,142000,19,Yes,No,No,Yes,No,No,No,Yes,Yes,Yes,No
87101,230.97,Cheque,M,Yes,150000,23,Yes,No,No,No,Yes,Yes,No,No,No,Yes,Yes
102934,377.35,Cheque,F,Yes,294000,45,Yes,No,No,No,No,No,No,Yes,No,No,Yes
100328,304.09,Cheque,M,No,107000,36,No,Yes,No,Yes,No,Yes,Yes,No,No,Yes,No
94108,213.63,Cash,M,Yes,185000,42,No,No,Yes,No,No,No,No,Yes,Yes,No,No
47913,490.67,Cheque,F,Yes,289000,25,No,No,Yes,No,No,No,No,Yes,No,No,Yes
17809,396.01,Card,M,No,271000,20,No,No,No,No,No,No,No,No,No,No,Yes
45019,472.34,Card,M,Yes,198000,48,No,Yes,No,No,No,No,No,No,No,No,No
55552,416.46,Card,M,No,198000,50,Yes,No,No,No,No,No,No,No,No,Yes,No
92883,188.2,Card,F,Yes,245000,27,Yes,No,No,No,No,No,No,No,No,No,No
89649,269.62,Cheque,F,Yes,282000,24,Yes,No,No,No,No,No,No,No,No,Yes,Yes
38063,360.74,Cash,F,Yes,294000,16,Yes,No,No,No,No,No,No,Yes,No,Yes,Yes
11230,462.79,Cash,M,Yes,244000,42,No,No,Yes,No,No,No,No,No,No,Yes,Yes
89302,204.88,Card,F,No,120000,39,No,No,No,No,No,No,No,No,No,Yes,No
35707,165.34,Cash,M,Yes,253000,42,No,No,No,No,No,No,No,No,Yes,Yes,No
90264,104.97,Card,M,Yes,243000,18,Yes,No,No,No,No,No,No,No,No,Yes,No
79875,100.84,Cheque,F,Yes,198000,39,No,Yes,No,No,No,No,No,No,No,No,No
74463,167.07,Card,F,No,254000,36,No,No,No,Yes,No,Yes,No,No,Yes,No,No
56258,215.8,Card,F,Yes,145000,48,Yes,No,No,No,No,No,No,Yes,Yes,No,No
81836,329.52,Cheque,M,Yes,118000,48,No,No,No,No,No,Yes,No,No,Yes,Yes,No
95026,134.22,Cash,F,No,134000,29,No,No,Yes,No,No,No,No,No,No,Yes,Yes
87482,401.01,Card,F,No,142000,38,Yes,No,No,No,Yes,Yes,No,Yes,No,No,No
20556,204.1,Card,M,Yes,139000,18,Yes,No,No,No,No,No,Yes,No,No,Yes,No
68058,498.86,Cash,F,Yes,290000,22,Yes,No,Yes,No,No,No,No,Yes,No,Yes,Yes
23845,124.22,Card,F,No,154000,47,No,No,Yes,No,No,No,Yes,No,No,No,No
39952,353.36,Card,M,Yes,159000,37,No,No,No,Yes,No,Yes,Yes,No,Yes,No,No
33172,310.65,Card,M,No,197000,48,No,Yes,No,No,No,No,No,No,No,No,Yes
71254,171.83,Cheque,F,No,294000,45,No,Yes,No,No,No,Yes,No,No,No,No,No
36190,284.13,Cheque,M,No,155000,18,No,No,No,Yes,No,Yes,Yes,No,Yes,No,No
15099,112.73,Card,M,Yes,157000,16,Yes,No,No,Yes,No,Yes,Yes,No,No,Yes,No
100256,119.09,Cheque,M,Yes,128000,33,No,No,No,Yes,No,Yes,Yes,Yes,No,No,No
51384,148.69,Cash,F,Yes,112000,47,No,No,No,No,No,No,No,No,No,Yes,No
54190,364.73,Cash,F,No,193000,24,No,No,No,No,No,No,No,No,No,No,No
84756,291.98,Card,M,No,283000,32,No,No,No,No,No,No,No,No,No,Yes,Yes
28755,439.94,Cheque,F,No,110000,25,No,No,No,No,No,No,No,No,No,Yes,Yes
73480,139.75,Cheque,M,Yes,135000,41,No,No,No,Yes,No,Yes,Yes,No,No,No,Yes
86217,195.37,Card,M,No,143000,43,No,No,No,Yes,No,Yes,Yes,No,No,No,No
91055,247.81,Card,F,No,152000,23,No,No,Yes,No,No,No,No,No,Yes,No,No
80297,372.74,Cheque,F,Yes,195000,21,Yes,No,No,No,No,No,No,No,No,Yes,No
42381,460.62,Cash,M,Yes,131000,31,No,No,No,Yes,Yes,Yes,Yes,Yes,No,Yes,No
80954,139.72,Cash,M,Yes,148000,45,No,No,Yes,Yes,No,Yes,Yes,No,No,No,No
106531,116.57,Cash,M,Yes,245000,19,Yes,No,No,No,No,Yes,No,No,No,Yes,No
78030,346.46,Card,F,Yes,221000,38,No,No,No,No,Yes,No,No,Yes,No,No,Yes
103139,187.96,Cash,F,No,244000,20,No,Yes,No,Yes,No,No,No,Yes,No,No,No
17939,158.75,Cash,F,Yes,169000,46,No,No,No,No,No,Yes,No,No,No,No,No
42056,448.52,Card,F,No,139000,30,No,No,No,No,No,No,No,Yes,No,Yes,No
23419,156.2,Cash,F,Yes,210000,24,No,No,No,Yes,Yes,No,No,Yes,Yes,No,No
48783,246.1,Card,M,Yes,165000,50,Yes,No,No,Yes,No,Yes,Yes,No,No,No,No
98204,184.42,Cheque,M,No,127000,18,No,No,Yes,Yes,No,Yes,Yes,No,No,No,No
67063,400.14,Card,F,No,233000,46,No,Yes,No,No,No,No,No,Yes,Yes,Yes,Yes
77335,478.12,Cash,F,Yes,298000,40,No,No,No,No,No,No,No,Yes,Yes,No,Yes
32594,209.05,Card,F,No,262000,16,No,No,No,No,No,No,No,No,No,No,No
24493,208.67,Card,M,No,286000,45,Yes,Yes,No,No,No,No,No,No,No,Yes,No
72248,108.36,Cash,M,No,174000,28,No,No,No,No,No,No,No,No,No,No,No
79039,124.45,Card,M,Yes,254000,46,No,No,Yes,No,No,No,No,No,No,No,No
58803,112.92,Cheque,M,Yes,135000,39,No,Yes,No,Yes,No,Yes,Yes,No,No,No,Yes
87066,108.64,Card,M,No,254000,23,No,No,Yes,No,No,No,No,No,No,Yes,No
60159,432.17,Card,M,Yes,116000,47,No,No,No,Yes,No,Yes,Yes,No,No,No,No
15629,170.04,Cash,F,No,277000,37,No,No,No,No,No,Yes,No,No,No,Yes,No
38608,427.33,Card,M,No,244000,21,No,Yes,No,No,No,No,Yes,No,No,No,No
18143,435.88,Cash,F,No,159000,36,Yes,No,No,No,Yes,Yes,No,No,No,No,No
22316,297.57,Cash,F,No,180000,20,No,No,No,Yes,Yes,No,No,Yes,Yes,No,No
40743,253.73,Card,M,No,192000,24,No,No,Yes,No,No,No,No,No,No,No,No
79305,186.38,Cheque,F,Yes,222000,31,No,No,No,No,Yes,No,No,Yes,No,No,No
83439,334.97,Card,F,No,243000,43,No,No,No,No,Yes,No,No,Yes,No,Yes,Yes
16342,463.81,Card,M,Yes,227000,29,No,No,No,No,No,No,No,No,No,No,No
75971,160.29,Card,M,No,198000,44,Yes,No,Yes,No,No,No,No,No,No,No,No
31046,165.84,Cash,F,No,197000,25,Yes,No,No,Yes,Yes,Yes,Yes,No,No,Yes,No
13722,362.16,Card,M,Yes,181000,19,Yes,Yes,Yes,No,No,No,Yes,No,No,Yes,No
93467,116.81,Card,F,Yes,252000,27,No,No,No,No,No,No,No,No,No,No,No
40208,231.67,Cash,F,Yes,289000,40,Yes,Yes,No,No,Yes,Yes,No,No,No,No,No
41132,184.41,Cheque,F,Yes,199000,42,No,No,No,Yes,No,No,No,No,No,No,Yes
64596,421.33,Cash,M,No,245000,28,No,Yes,Yes,No,No,No,Yes,No,No,Yes,No
46539,383.99,Cheque,M,Yes,204000,23,Yes,No,Yes,No,Yes,No,No,No,No,Yes,No
40690,286.2,Cash,M,Yes,248000,45,No,No,No,Yes,No,Yes,No,No,Yes,No,No
51916,247.42,Cash,F,Yes,140000,23,No,No,Yes,No,Yes,No,Yes,No,Yes,No,No
21814,223.74,Card,M,Yes,122000,23,No,No,No,Yes,Yes,Yes,Yes,No,No,No,No
31011,395.62,Card,M,Yes,271000,16,Yes,No,No,Yes,No,Yes,Yes,Yes,No,Yes,No
24210,304.33,Card,F,No,183000,50,No,No,No,Yes,No,Yes,No,No,No,No,No
10902,267.18,Card,M,Yes,253000,47,Yes,No,No,No,No,No,No,Yes,No,No,No
106649,258.12,Card,F,Yes,137000,22,Yes,No,No,No,No,No,Yes,No,No,Yes,No
31033,415.65,Card,M,Yes,178000,47,No,No,Yes,No,No,No,No,Yes,No,No,Yes
68006,114.93,Card,M,No,278000,19,No,Yes,No,No,No,No,No,No,No,No,No
47638,256.66,Cash,M,No,102000,41,No,No,No,Yes,No,Yes,Yes,No,No,No,No
18953,242.56,Card,F,Yes,110000,17,Yes,No,No,No,Yes,No,No,No,No,Yes,Yes
21347,430.07,Cheque,F,No,159000,24,No,No,No,No,Yes,Yes,No,No,No,No,Yes
38600,474.76,Card,M,Yes,225000,48,No,No,No,No,No,No,No,Yes,No,No,Yes
104830,214.26,Cash,F,Yes,134000,28,No,Yes,No,No,No,No,No,No,No,Yes,No
56452,208.23,Cheque,M,Yes,257000,48,Yes,Yes,No,No,Yes,No,No,No,No,No,Yes
18030,129.94,Card,F,No,284000,29,Yes,No,No,No,Yes,No,No,No,No,No,No
72901,239.79,Cheque,F,Yes,132000,39,No,No,No,No,No,No,Yes,No,No,No,No
104554,190.62,Cash,M,Yes,109000,21,Yes,No,No,Yes,No,Yes,Yes,No,No,Yes,No
93162,468.41,Card,M,Yes,205000,25,No,No,No,No,No,No,No,No,Yes,Yes,Yes
54313,306.54,Cash,M,Yes,276000,22,Yes,No,No,No,No,No,No,No,Yes,Yes,Yes
89485,183.22,Cash,M,No,253000,28,No,No,No,No,Yes,Yes,No,No,No,No,No
61309,225.49,Cheque,M,No,181000,44,No,No,No,No,Yes,No,No,Yes,No,No,No
73441,213.57,Card,F,Yes,128000,20,Yes,No,No,No,Yes,No,No,No,No,Yes,No
10717,472.7,Card,M,Yes,189000,23,Yes,Yes,No,No,No,No,No,No,No,Yes,No
27694,248.95,Card,M,No,147000,41,No,No,Yes,Yes,Yes,Yes,Yes,No,Yes,No,No
69380,340.37,Cheque,F,Yes,216000,40,No,No,No,No,No,No,No,Yes,No,No,Yes
26885,331.86,Cash,M,No,132000,28,No,No,Yes,Yes,No,Yes,Yes,No,No,No,No
90730,295,Cash,M,Yes,146000,36,No,No,No,Yes,No,Yes,Yes,No,Yes,No,No
69110,118.48,Cash,M,Yes,148000,16,Yes,No,No,Yes,Yes,Yes,Yes,Yes,No,Yes,Yes
86612,297.83,Card,M,No,249000,27,No,Yes,No,No,No,No,No,No,No,No,No
93353,368.04,Card,F,Yes,225000,40,No,No,Yes,Yes,Yes,No,No,Yes,No,No,Yes
25311,475.45,Card,M,No,294000,24,Yes,Yes,No,No,No,No,No,Yes,No,No,No
81487,200.76,Cheque,M,Yes,185000,25,No,No,Yes,No,No,Yes,Yes,No,No,No,No
18331,478.98,Card,F,No,274000,20,Yes,No,No,No,No,Yes,No,Yes,No,No,Yes
84148,491.79,Cheque,F,Yes,209000,22,Yes,No,No,No,No,No,Yes,Yes,No,Yes,Yes
83500,492.5,Card,M,No,283000,21,No,No,No,Yes,Yes,No,No,No,No,Yes,Yes
29316,345.2,Card,M,Yes,108000,39,No,No,No,Yes,No,Yes,Yes,No,Yes,No,No
82173,157.51,Cash,F,Yes,278000,22,Yes,No,No,No,Yes,No,Yes,No,No,Yes,No
62264,433.34,Card,M,No,182000,26,No,No,No,No,No,No,No,No,No,No,Yes
14875,185.15,Cheque,M,No,297000,36,No,Yes,No,No,No,No,Yes,Yes,No,No,No
73594,130.88,Cheque,F,Yes,121000,41,No,No,Yes,No,No,No,No,No,No,No,No
79384,224.56,Card,F,Yes,126000,45,No,No,No,No,No,No,No,No,No,Yes,No
63138,169.6,Cheque,M,Yes,171000,22,Yes,No,No,No,No,Yes,No,No,No,Yes,No
58144,288.3,Card,F,Yes,291000,38,No,No,No,No,Yes,Yes,No,No,No,No,No
103446,253.56,Card,M,No,171000,23,No,No,Yes,No,Yes,No,No,No,No,No,No
28994,112.16,Cash,F,Yes,185000,18,Yes,No,No,No,Yes,No,No,No,No,Yes,No
72298,410.62,Cash,M,No,176000,25,No,No,No,No,No,No,Yes,No,No,No,No
69884,189.1,Cash,M,No,218000,30,No,No,No,No,No,No,No,No,Yes,No,Yes
68119,151.8,Cheque,F,No,129000,25,No,No,No,No,Yes,No,No,No,Yes,No,Yes
14692,408.87,Card,F,No,144000,19,No,No,No,Yes,No,No,No,Yes,No,No,No
52530,280.82,Cash,F,Yes,184000,35,No,No,No,No,No,No,No,No,Yes,No,No
28803,419,Cheque,M,No,132000,38,No,No,No,Yes,No,Yes,Yes,No,No,Yes,No
86983,433.44,Card,F,Yes,202000,17,Yes,Yes,No,No,Yes,No,No,Yes,No,Yes,Yes
72454,441.26,Cash,F,No,259000,27,No,No,No,No,No,No,Yes,Yes,No,No,Yes
50551,276.47,Card,F,Yes,135000,27,Yes,No,Yes,Yes,No,Yes,No,No,Yes,No,No
92868,483.54,Cheque,M,Yes,250000,40,No,No,No,Yes,No,Yes,No,Yes,No,No,No
20991,375.07,Card,M,No,105000,25,No,No,No,Yes,No,Yes,Yes,No,No,No,No
98352,460.62,Card,F,Yes,133000,36,No,No,No,No,Yes,Yes,No,No,No,Yes,No
30239,423.71,Card,M,No,161000,17,Yes,No,Yes,No,No,No,No,No,Yes,No,No
15882,207.03,Cash,M,No,147000,20,No,No,No,Yes,No,Yes,Yes,No,No,No,No
30989,259.13,Card,F,Yes,199000,50,No,No,No,No,No,No,No,No,No,No,Yes
107499,123.96,Cash,F,No,248000,28,No,No,No,No,No,No,No,Yes,Yes,No,No
70336,453.32,Cash,F,No,122000,20,Yes,No,Yes,No,No,No,No,No,No,No,No
47598,429.42,Card,F,No,239000,40,Yes,No,No,No,No,No,Yes,Yes,No,No,Yes
17590,301.2,Card,M,No,172000,49,No,No,No,No,No,No,No,No,No,No,No
20260,131.24,Cheque,M,No,213000,21,No,No,No,Yes,No,No,No,No,No,No,Yes
50531,374,Card,F,No,107000,36,Yes,Yes,Yes,No,No,No,No,No,No,No,No
42653,140.5,Card,M,No,253000,49,No,No,No,No,No,No,No,No,Yes,No,No
94685,317.56,Card,M,No,256000,29,No,Yes,Yes,No,No,No,No,No,No,No,No
11818,319.05,Card,F,No,292000,48,No,Yes,No,No,No,No,No,No,No,No,No
25668,219.57,Cheque,F,No,135000,19,No,No,No,No,No,No,No,Yes,No,No,Yes
53959,408.68,Cash,F,No,168000,27,No,Yes,Yes,No,No,No,Yes,No,Yes,No,Yes
55992,172.85,Cash,M,No,257000,30,No,No,No,No,Yes,No,No,No,Yes,Yes,No
85081,382.58,Card,F,No,209000,29,Yes,No,No,No,No,No,Yes,Yes,No,No,Yes
104800,132.57,Card,M,Yes,268000,29,No,No,No,No,No,No,Yes,No,No,No,No
92125,157.94,Card,F,Yes,228000,17,No,No,No,Yes,No,No,No,No,No,No,No
107314,429.34,Cash,M,Yes,159000,26,No,No,No,Yes,No,Yes,Yes,Yes,No,No,No
29192,212.65,Cash,M,Yes,215000,29,No,Yes,No,No,No,No,No,No,No,No,Yes
90933,262.11,Card,M,No,299000,31,No,No,No,No,No,No,No,No,No,No,No
48749,184.71,Card,F,No,211000,30,No,No,No,No,No,No,No,No,No,Yes,No
49658,172.07,Card,M,No,176000,40,No,Yes,No,Yes,No,No,No,No,Yes,No,Yes
20521,463,Cash,M,Yes,282000,44,Yes,No,No,Yes,No,No,No,Yes,No,No,No
75663,208.37,Card,F,No,234000,29,No,Yes,No,No,Yes,No,No,No,No,No,No
65425,230.24,Card,F,No,143000,25,No,No,Yes,No,No,No,Yes,No,No,No,No
67133,366.91,Cheque,M,Yes,118000,39,No,No,No,Yes,No,Yes,No,Yes,No,No,Yes
62455,352.52,Card,F,No,168000,43,No,No,No,No,No,No,No,No,No,Yes,No
100255,226.79,Cheque,M,Yes,231000,30,No,No,No,No,No,No,No,Yes,No,No,No
15590,440.7,Cash,M,Yes,208000,41,Yes,No,No,Yes,No,No,No,No,No,Yes,No
46278,340.07,Card,M,Yes,234000,40,Yes,Yes,No,Yes,No,No,Yes,No,No,No,No
12582,256.01,Cash,M,Yes,196000,23,Yes,Yes,No,No,No,No,Yes,Yes,No,Yes,No
38723,171.59,Cheque,F,Yes,284000,16,Yes,No,No,No,No,No,Yes,No,Yes,Yes,No
47251,464.06,Card,F,No,291000,43,Yes,Yes,No,Yes,No,No,No,Yes,Yes,Yes,Yes
109798,151.33,Cash,M,No,173000,33,No,No,No,No,No,Yes,No,No,No,No,No
59349,284.93,Card,M,No,162000,18,Yes,No,No,Yes,No,Yes,Yes,No,Yes,No,No
17830,280.19,Card,F,Yes,151000,47,Yes,No,No,No,Yes,No,Yes,No,No,Yes,No
69401,367.54,Cash,F,Yes,227000,25,Yes,No,No,No,Yes,No,No,Yes,No,No,Yes
103708,260.61,Cash,F,No,280000,29,No,No,No,No,No,No,No,Yes,No,Yes,No
27664,356.36,Cash,F,No,195000,26,Yes,No,Yes,No,Yes,Yes,No,No,Yes,Yes,No
102206,276.68,Card,F,Yes,217000,41,Yes,No,No,Yes,No,No,No,No,No,No,No
51732,410.69,Cash,M,No,153000,33,No,Yes,No,Yes,No,Yes,Yes,No,No,No,No
28630,304.98,Cheque,F,Yes,151000,39,No,No,No,No,Yes,No,No,No,No,Yes,No
36857,461.32,Cash,M,No,191000,49,No,Yes,No,No,No,No,No,No,No,No,No
82419,197.25,Cheque,F,No,262000,31,No,Yes,No,Yes,No,No,Yes,No,No,No,No
103385,228.29,Cash,M,Yes,125000,16,Yes,Yes,No,Yes,No,Yes,Yes,No,No,Yes,No
87793,468.84,Cash,F,Yes,217000,40,No,No,No,No,No,Yes,No,Yes,No,Yes,Yes
94341,224.62,Card,M,Yes,163000,17,No,No,No,Yes,No,Yes,Yes,Yes,No,No,No
19078,388.52,Cash,M,No,203000,28,Yes,No,No,No,No,No,No,No,No,No,Yes
109376,431.1,Cash,M,No,164000,21,No,No,No,No,No,No,No,Yes,No,No,No
58235,481.14,Cash,F,Yes,234000,45,No,No,No,Yes,No,No,No,Yes,No,No,Yes
33233,247.74,Card,M,No,272000,28,No,Yes,No,No,No,No,No,Yes,No,No,No
83883,230.34,Card,F,No,178000,47,No,No,No,No,No,No,No,Yes,No,No,Yes
69718,433.97,Card,F,No,294000,29,No,No,No,No,No,No,No,Yes,Yes,No,Yes
105829,270.83,Cheque,F,No,109000,23,No,Yes,No,No,No,Yes,No,No,No,No,No
39221,353.1,Card,M,Yes,231000,43,No,Yes,No,No,Yes,No,No,No,No,No,No
98809,455.9,Card,F,Yes,207000,19,Yes,No,No,No,No,Yes,Yes,Yes,No,Yes,Yes
14759,148.67,Card,M,No,266000,24,No,No,Yes,Yes,No,No,No,No,Yes,No,No
40659,274.8,Card,M,No,150000,39,No,No,No,Yes,No,Yes,Yes,No,No,No,No
95915,173.13,Cash,M,Yes,118000,35,No,No,No,Yes,Yes,Yes,Yes,No,No,No,No
47421,287.4,Cash,M,No,174000,49,No,No,No,No,No,No,No,No,No,No,No
105601,407.65,Card,M,No,161000,42,No,No,No,Yes,Yes,Yes,Yes,No,No,No,No
89209,241.62,Cheque,M,No,254000,19,No,No,No,No,No,No,No,Yes,No,No,No
69754,440.79,Cash,M,No,259000,24,No,No,Yes,No,No,No,No,No,Yes,No,No
17133,213.28,Card,M,No,217000,22,Yes,No,No,No,No,Yes,No,Yes,Yes,No,No
11119,294.2,Cheque,F,No,120000,27,No,No,No,No,No,No,No,No,Yes,Yes,Yes
57615,467.91,Card,M,No,197000,41,Yes,No,No,No,Yes,No,No,No,No,No,Yes
61270,319.03,Card,M,Yes,285000,49,No,No,No,No,No,No,No,Yes,No,No,No
11220,236.32,Card,M,No,114000,27,No,No,No,Yes,No,Yes,Yes,No,No,No,Yes
47645,356.41,Cash,F,Yes,130000,35,No,No,No,No,No,No,No,No,No,No,No
32444,242.58,Cash,F,Yes,282000,17,Yes,No,Yes,No,No,No,No,No,No,Yes,No
93037,191.76,Cash,F,Yes,295000,41,No,No,No,Yes,No,No,No,Yes,No,Yes,No
34809,327.94,Cash,F,Yes,113000,38,No,No,No,No,Yes,No,No,No,No,No,No
57582,246.69,Cash,M,No,299000,39,No,No,Yes,No,Yes,No,No,No,No,No,No
59184,124.8,Cash,F,Yes,149000,36,No,Yes,No,No,No,No,No,No,No,No,No
27682,182.96,Cheque,F,No,155000,47,No,No,No,No,No,No,Yes,No,No,Yes,Yes
56851,216.4,Card,M,Yes,134000,29,No,No,No,Yes,No,Yes,Yes,No,No,No,No
12312,192.17,Card,F,No,256000,34,No,Yes,No,No,No,Yes,No,No,Yes,No,No
53953,269.72,Card,F,Yes,111000,48,Yes,Yes,No,No,No,No,No,No,Yes,No,No
81616,438.68,Card,F,No,127000,21,Yes,No,No,Yes,Yes,No,No,No,No,No,Yes
37366,432.52,Cash,M,Yes,188000,19,Yes,No,Yes,No,Yes,No,No,No,No,Yes,No
97512,174.56,Cheque,F,Yes,128000,32,No,Yes,No,No,No,No,No,No,Yes,No,No
49769,200.58,Card,M,No,263000,19,No,Yes,No,No,No,No,No,No,No,No,No
47307,298.81,Card,F,Yes,114000,45,No,No,No,No,No,No,No,No,No,No,No
25180,115.29,Cheque,M,No,290000,38,No,No,No,No,No,No,No,No,No,No,No
98023,263.64,Card,F,No,202000,20,No,No,No,No,No,Yes,No,No,No,Yes,No
32669,498.04,Cash,M,No,156000,46,Yes,No,No,No,No,Yes,No,No,No,No,No
61255,495.66,Cash,F,Yes,283000,31,No,No,Yes,No,No,No,No,Yes,Yes,No,Yes
101414,268.28,Card,F,Yes,190000,38,No,No,No,No,No,No,No,Yes,No,No,No
24686,382.77,Card,F,Yes,278000,28,No,No,Yes,No,No,No,Yes,Yes,No,Yes,Yes
37114,480.39,Cash,M,Yes,162000,37,No,No,No,Yes,No,Yes,Yes,No,No,Yes,Yes
94790,397.01,Card,M,Yes,198000,31,No,No,No,No,Yes,No,No,No,No,Yes,No
105007,446.82,Card,F,Yes,283000,45,No,No,Yes,No,No,No,No,Yes,No,No,Yes
38645,472.09,Cash,F,No,219000,20,Yes,No,No,No,Yes,No,Yes,Yes,No,Yes,Yes
37567,417.77,Card,M,Yes,264000,46,No,Yes,Yes,No,No,Yes,No,No,No,No,No
62993,360.89,Card,F,No,278000,45,No,No,Yes,No,No,No,No,No,No,No,No
12547,323.07,Card,M,No,168000,35,No,No,No,Yes,Yes,Yes,Yes,No,No,No,No
106654,479.56,Cheque,M,No,190000,44,No,No,No,No,No,Yes,No,No,Yes,No,No
59389,395.68,Card,F,Yes,145000,29,No,No,No,Yes,No,No,No,No,No,No,No
104327,262.23,Cheque,F,Yes,280000,45,No,No,No,Yes,No,No,No,Yes,No,No,No
87250,390.22,Card,F,No,117000,43,No,Yes,No,No,No,No,No,No,No,No,No
27371,387.43,Cheque,F,Yes,264000,25,No,No,No,No,No,Yes,No,No,No,Yes,No
91545,123.51,Card,M,No,228000,45,No,No,Yes,No,No,No,No,No,No,No,No
71276,363.38,Card,F,Yes,103000,45,No,No,No,Yes,No,Yes,Yes,No,No,No,No
109551,406.11,Cash,M,No,235000,35,No,No,No,No,No,No,Yes,Yes,No,No,No
50961,240.28,Cash,F,No,166000,16,No,No,No,No,No,No,Yes,No,No,No,No
72979,213.6,Cheque,M,No,232000,18,No,No,No,No,No,Yes,No,No,Yes,No,Yes
50104,256.03,Cash,M,Yes,138000,23,Yes,No,No,No,No,No,Yes,No,No,Yes,No
13893,248.04,Card,F,No,172000,19,No,Yes,No,Yes,Yes,Yes,No,No,No,Yes,No
12800,257.38,Card,F,No,230000,49,Yes,No,No,No,No,No,No,No,No,No,No
89460,334.19,Cash,M,No,153000,16,Yes,No,No,Yes,No,Yes,Yes,No,No,No,Yes
63779,459.01,Cheque,F,Yes,113000,48,No,No,No,No,No,No,No,No,Yes,No,No
29483,291.14,Cheque,M,No,254000,16,Yes,No,No,No,No,No,No,No,No,No,No
83127,412.9,Cheque,M,Yes,211000,21,Yes,No,No,No,No,No,No,No,No,Yes,No
96371,402.23,Cash,M,No,211000,37,No,No,Yes,No,No,No,No,No,No,No,No
66886,106.84,Cash,M,No,251000,41,Yes,No,Yes,No,Yes,No,No,No,No,No,No
66940,439.61,Card,F,Yes,221000,35,No,No,No,No,No,No,No,Yes,Yes,Yes,Yes
36191,464.27,Cheque,F,Yes,114000,24,Yes,No,Yes,No,No,Yes,Yes,No,No,Yes,No
29625,183.86,Cash,M,No,203000,43,No,No,No,No,No,No,No,No,No,No,No
93393,354.56,Cash,M,Yes,271000,37,Yes,Yes,No,No,No,No,Yes,No,No,No,No
60890,446.31,Card,M,Yes,158000,28,No,Yes,No,Yes,No,Yes,Yes,No,Yes,Yes,Yes
18464,209.38,Card,M,No,243000,22,No,No,No,Yes,No,No,No,No,No,No,No
75130,391.49,Cheque,F,No,105000,33,Yes,No,No,No,No,No,Yes,No,No,No,No
64281,177.18,Card,M,Yes,110000,47,Yes,No,Yes,Yes,No,Yes,Yes,Yes,No,Yes,No
84937,248.07,Cheque,F,Yes,255000,43,Yes,No,No,No,No,No,Yes,No,No,No,No
58388,187.7,Cheque,M,Yes,238000,39,No,No,No,No,Yes,No,Yes,No,Yes,No,No
106314,241.03,Cash,F,Yes,108000,37,No,No,No,Yes,Yes,No,No,No,No,No,No
34529,431.95,Card,F,Yes,198000,18,Yes,No,No,No,Yes,No,No,No,No,Yes,Yes
56220,126.15,Card,F,No,125000,28,No,Yes,No,No,Yes,No,No,No,No,No,No
49085,261.93,Card,M,Yes,294000,25,No,No,No,No,No,No,No,Yes,No,Yes,Yes
84497,382.91,Card,F,No,230000,31,No,No,No,No,Yes,No,No,Yes,No,No,Yes
90165,108.55,Cheque,F,No,107000,24,No,No,No,Yes,No,No,No,No,No,No,No
98626,275.05,Cheque,F,No,248000,42,No,No,Yes,Yes,No,No,No,No,No,Yes,Yes
96289,161.35,Card,M,Yes,139000,47,Yes,No,No,Yes,No,Yes,Yes,No,No,No,No
78598,486.57,Cash,M,Yes,281000,30,No,No,No,No,No,No,No,Yes,No,No,Yes
37571,180.64,Cash,M,Yes,207000,38,No,Yes,No,Yes,No,No,No,Yes,Yes,No,No
42689,122.03,Card,F,Yes,200000,40,Yes,No,No,No,No,No,No,No,No,No,Yes
102421,192.27,Cash,M,No,147000,25,No,No,No,No,Yes,No,No,No,Yes,Yes,No
75792,312.01,Cash,M,Yes,270000,50,No,No,No,No,No,No,No,Yes,No,No,No
71604,181.72,Card,M,No,256000,49,No,No,Yes,No,No,No,Yes,No,No,Yes,No
102348,149.2,Card,M,No,243000,36,No,No,No,No,No,No,No,No,No,No,No
28233,408.1,Cash,F,No,299000,50,Yes,No,No,No,No,No,Yes,Yes,No,Yes,Yes
72902,465.44,Cash,F,No,253000,16,No,No,Yes,No,No,No,No,Yes,Yes,No,Yes
102703,400.43,Card,M,No,300000,32,Yes,Yes,No,No,Yes,No,No,No,Yes,No,No
50645,316.98,Cheque,F,No,300000,45,No,Yes,No,No,No,Yes,No,No,No,No,No
40282,335.2,Cash,F,No,205000,42,No,No,Yes,No,No,Yes,No,Yes,No,No,Yes
94015,481.99,Cheque,F,Yes,205000,24,Yes,No,No,No,No,No,No,Yes,No,Yes,Yes
98696,311.95,Cash,M,No,138000,39,No,No,No,No,No,No,No,Yes,No,No,Yes
43401,294.4,Cash,M,Yes,116000,24,Yes,No,No,Yes,No,Yes,Yes,No,No,Yes,No
106585,236.47,Cash,M,Yes,210000,50,No,No,No,Yes,Yes,No,Yes,No,No,No,No
106792,374.77,Cash,M,Yes,188000,45,No,No,No,No,No,No,No,No,No,No,No
34702,263.76,Card,M,No,291000,25,Yes,No,No,No,No,No,No,No,No,Yes,No
19999,171.6,Card,F,Yes,236000,44,Yes,No,No,Yes,No,Yes,No,No,No,Yes,No
76145,275.54,Card,F,Yes,298000,27,No,Yes,No,No,Yes,No,No,No,No,No,No
84033,434.2,Cash,F,No,166000,31,No,Yes,No,Yes,No,No,No,Yes,No,No,No
50142,177.87,Card,M,No,245000,23,No,No,No,No,No,No,No,Yes,No,No,No
96474,445.13,Cheque,F,No,249000,40,No,No,No,No,No,No,No,No,No,No,No
101699,151.18,Card,M,No,278000,35,No,No,Yes,No,Yes,Yes,No,No,No,No,No
23380,364.9,Cheque,M,Yes,232000,43,No,No,No,No,No,No,No,No,No,Yes,No
63368,424.06,Card,M,Yes,130000,38,Yes,No,No,Yes,No,Yes,Yes,No,No,No,No
32392,161.58,Card,M,Yes,276000,22,Yes,No,No,No,No,No,No,No,No,Yes,No
79577,412.51,Card,F,No,226000,38,No,Yes,No,No,No,No,No,Yes,No,No,No
30558,165.85,Card,F,No,238000,34,No,No,No,No,No,No,No,No,No,Yes,No
103166,255.92,Cash,F,Yes,259000,33,No,Yes,Yes,No,No,No,No,Yes,No,No,No
64053,311.79,Cheque,F,Yes,272000,36,No,No,No,No,No,No,No,Yes,No,No,No
28081,261.12,Card,M,Yes,154000,16,Yes,Yes,No,No,Yes,No,Yes,No,No,Yes,Yes
106044,361.33,Card,M,Yes,145000,29,Yes,No,No,Yes,No,Yes,Yes,Yes,No,Yes,No
11241,338.9,Cheque,M,Yes,135000,22,Yes,Yes,No,Yes,No,Yes,Yes,No,No,Yes,No
11966,221.87,Card,M,Yes,104000,16,Yes,No,Yes,No,No,No,No,No,No,Yes,Yes
15835,243.64,Cash,F,No,171000,41,No,No,No,No,No,No,No,No,No,Yes,No
107714,221.96,Card,F,No,202000,21,Yes,Yes,Yes,No,Yes,No,No,No,Yes,No,No
29095,467.09,Cheque,M,Yes,159000,42,No,No,No,Yes,No,Yes,Yes,Yes,No,No,No
98635,339.48,Cash,F,No,267000,22,No,Yes,No,No,No,No,No,Yes,No,No,Yes
20849,449.82,Cash,F,Yes,300000,30,No,No,Yes,Yes,No,No,No,Yes,Yes,Yes,Yes
87703,277.08,Cash,M,Yes,272000,20,Yes,No,No,No,Yes,No,No,No,No,Yes,Yes
54981,492.2,Cash,M,No,248000,17,No,No,No,Yes,Yes,No,No,Yes,No,No,No
51818,166.52,Card,M,Yes,263000,34,Yes,No,No,No,No,No,No,No,No,No,No
15650,487.55,Card,M,No,223000,28,No,No,No,No,No,No,No,No,No,Yes,No
56097,467.18,Cash,F,No,234000,25,No,No,No,No,No,No,No,Yes,No,No,Yes
54172,104.02,Cheque,F,No,198000,46,No,Yes,No,No,No,No,Yes,No,No,Yes,No
103749,347.5,Card,F,No,210000,21,No,No,Yes,No,No,No,No,No,No,Yes,No
98409,326,Cash,F,Yes,249000,35,No,No,No,No,No,No,No,Yes,No,No,Yes
57762,267.96,Cash,M,No,207000,36,Yes,No,No,No,Yes,No,No,No,No,No,No
82901,398.34,Cash,F,Yes,226000,33,No,No,No,No,No,No,No,Yes,No,No,Yes
88972,318.54,Cash,M,Yes,192000,22,Yes,No,No,No,No,No,No,Yes,No,Yes,No
73383,139.75,Card,M,Yes,180000,31,No,No,No,No,Yes,No,No,No,No,No,No
42163,449.98,Cash,M,Yes,293000,29,Yes,No,No,No,No,No,No,No,No,No,No
41841,182.81,Cash,M,Yes,215000,40,Yes,Yes,Yes,Yes,No,No,No,No,Yes,No,Yes
39077,205.74,Card,M,Yes,282000,34,No,Yes,No,No,Yes,No,No,No,No,No,No
70014,174.93,Card,M,Yes,287000,25,No,No,No,Yes,No,No,No,Yes,No,No,No
78428,123.79,Card,F,No,139000,38,No,No,No,No,No,Yes,No,No,Yes,No,No
23784,257.55,Cash,F,No,185000,20,No,No,Yes,No,No,No,No,No,No,No,No
26291,140.89,Card,F,No,171000,49,No,Yes,No,No,No,No,No,Yes,Yes,No,No
88549,375.92,Card,M,Yes,226000,20,Yes,No,No,No,No,Yes,No,No,Yes,Yes,No
90911,305.2,Cash,F,Yes,171000,16,Yes,Yes,No,No,No,Yes,No,No,No,No,No
17470,190.75,Cash,F,Yes,269000,42,No,No,No,No,No,Yes,Yes,No,No,Yes,Yes
94531,327.65,Cash,M,No,278000,41,No,Yes,No,No,Yes,Yes,No,No,No,No,No
90462,100.72,Cash,M,Yes,103000,36,No,Yes,No,Yes,No,Yes,Yes,Yes,No,No,No
108003,125.1,Card,F,Yes,294000,34,No,No,No,Yes,No,No,No,Yes,No,Yes,No
87953,162.09,Card,M,No,225000,22,No,No,No,No,Yes,Yes,No,No,No,Yes,No
36863,394.7,Card,F,No,255000,34,No,No,Yes,No,No,No,No,Yes,No,No,Yes
28138,409.45,Cash,F,No,122000,32,No,No,No,No,No,No,No,No,No,Yes,No
69965,387.87,Card,M,Yes,223000,21,Yes,No,Yes,No,No,No,Yes,No,No,Yes,No
100047,241.95,Cheque,F,Yes,270000,23,Yes,No,No,Yes,No,No,No,No,No,Yes,No
13325,412.8,Card,F,Yes,205000,48,No,No,No,No,No,No,No,Yes,No,Yes,Yes
17747,338.6,Card,M,No,199000,37,No,No,No,No,No,No,No,No,No,Yes,No
61618,344.74,Cheque,F,No,156000,49,No,No,No,Yes,No,No,No,No,No,No,Yes
97148,493.47,Card,F,Yes,235000,34,No,No,No,Yes,No,No,Yes,Yes,Yes,No,Yes
28977,372.65,Card,M,Yes,113000,33,No,Yes,No,Yes,Yes,Yes,Yes,No,Yes,No,No
37784,490.63,Card,M,No,174000,41,No,No,No,No,Yes,No,No,No,No,No,No
29107,323.86,Cash,F,Yes,155000,21,No,No,No,No,Yes,Yes,No,No,No,No,No
63979,391,Card,M,No,204000,17,No,No,No,No,Yes,No,Yes,No,Yes,No,No
106290,330.48,Cheque,M,No,170000,35,No,No,Yes,No,No,No,No,No,No,No,No
90562,290.08,Cash,M,No,243000,24,No,No,No,Yes,Yes,No,No,No,No,Yes,No
99457,382,Card,F,Yes,117000,16,Yes,Yes,No,Yes,No,No,No,No,No,Yes,No
25097,200.1,Cash,M,Yes,219000,40,No,No,No,Yes,Yes,Yes,No,No,Yes,No,No
70359,351.13,Cheque,F,No,144000,46,Yes,No,No,No,No,No,No,No,No,Yes,No
87450,482.05,Card,F,No,179000,38,No,No,No,No,No,Yes,No,No,No,Yes,No
23682,297.18,Cheque,M,No,168000,48,No,No,No,Yes,No,Yes,Yes,Yes,No,No,No
66551,438.67,Cash,M,Yes,220000,30,No,No,Yes,No,No,No,No,No,No,Yes,No
49225,138.21,Card,F,No,163000,43,No,No,No,No,No,No,No,No,No,No,No
13518,163.79,Card,F,No,254000,50,No,No,No,No,No,No,No,No,No,No,No
69802,435.42,Cash,F,No,110000,33,No,No,No,Yes,No,No,Yes,No,No,No,No
77419,297.39,Card,M,No,167000,36,No,No,No,Yes,No,Yes,Yes,No,No,No,Yes
59590,279.82,Card,M,No,162000,26,No,No,Yes,Yes,No,Yes,Yes,No,Yes,No,No
108832,278.6,Cheque,F,Yes,152000,37,No,No,No,No,No,No,No,No,No,Yes,No
60688,371.07,Cash,M,Yes,244000,38,No,No,No,No,No,No,No,No,No,No,No
79001,385.51,Card,F,No,206000,24,No,No,No,No,No,No,No,Yes,No,Yes,Yes
26396,227.65,Card,M,No,271000,47,No,No,No,Yes,No,No,No,No,No,No,No
91986,351.61,Cash,F,No,198000,26,No,Yes,No,Yes,No,No,No,No,No,No,No
36040,373.03,Cash,M,Yes,281000,26,No,No,No,No,No,Yes,No,Yes,Yes,No,No
107876,218.93,Cheque,M,Yes,176000,44,No,No,No,No,No,No,Yes,Yes,No,Yes,No
71832,358.77,Card,F,Yes,133000,43,No,No,No,No,Yes,No,No,No,No,Yes,No
66618,305.01,Cash,F,Yes,153000,50,Yes,Yes,No,Yes,Yes,No,No,No,No,No,No
52128,136.85,Card,M,No,290000,29,No,No,No,Yes,No,Yes,No,No,No,No,No
17201,377.74,Card,M,Yes,261000,16,Yes,No,No,Yes,No,No,No,Yes,No,Yes,No
32646,265.31,Cheque,M,No,151000,40,Yes,No,No,Yes,No,Yes,Yes,No,No,Yes,Yes
15109,135.35,Card,M,No,195000,49,No,No,No,No,No,Yes,No,No,No,No,No
16055,405.41,Cash,M,No,293000,38,No,No,No,No,No,No,No,No,No,Yes,No
61789,143.52,Cash,M,Yes,251000,37,No,No,No,Yes,No,No,Yes,No,No,Yes,No
10236,420.57,Cash,F,No,177000,44,No,No,No,No,No,Yes,Yes,No,No,No,No
39081,475.8,Cheque,M,No,106000,18,No,Yes,Yes,Yes,Yes,Yes,Yes,Yes,Yes,No,No
60820,329.8,Cash,F,Yes,123000,20,No,No,No,Yes,No,No,No,No,No,No,No
55625,448.62,Card,F,Yes,274000,38,Yes,Yes,No,No,Yes,No,No,Yes,Yes,No,Yes
14630,195.78,Cash,M,Yes,152000,31,No,No,No,Yes,No,Yes,Yes,No,No,No,No
89106,466.62,Cheque,F,No,289000,32,No,Yes,No,No,Yes,No,No,Yes,No,No,Yes
52359,262.05,Cheque,F,Yes,103000,16,Yes,No,No,No,No,Yes,No,Yes,No,Yes,No
85472,145.03,Card,F,No,208000,48,No,No,Yes,No,No,No,No,No,No,Yes,Yes
14368,349.17,Cheque,F,Yes,228000,31,No,No,No,No,Yes,No,No,Yes,No,No,Yes
31921,344.26,Cheque,M,No,116000,32,Yes,No,No,No,No,No,No,Yes,No,No,No
10150,411.35,Card,F,Yes,107000,36,Yes,No,No,No,No,No,No,No,Yes,No,No
59352,494.21,Cash,F,No,213000,24,No,No,No,No,No,No,No,Yes,No,Yes,Yes
10614,190.42,Cash,M,Yes,259000,25,No,No,No,No,No,No,No,No,Yes,No,No
58566,376.64,Cash,M,Yes,187000,46,No,Yes,No,No,No,No,No,No,Yes,No,No
95655,255.8,Cash,F,Yes,135000,42,No,No,No,Yes,No,Yes,No,No,Yes,Yes,No
10451,150.17,Cheque,M,Yes,125000,19,No,No,No,Yes,No,Yes,Yes,No,No,No,Yes
28597,192.05,Card,M,No,164000,18,No,No,No,Yes,Yes,Yes,Yes,No,No,No,No
13903,291.64,Cash,F,Yes,178000,32,Yes,Yes,Yes,Yes,Yes,No,No,No,Yes,No,No
69774,254.47,Cash,M,No,159000,45,No,No,No,Yes,No,Yes,Yes,Yes,Yes,No,No
33697,219.79,Cash,M,No,197000,25,No,No,No,No,Yes,No,No,Yes,No,No,Yes
101784,330.38,Cash,M,Yes,202000,39,No,No,No,Yes,Yes,No,No,No,No,No,No
60073,116.56,Card,M,No,226000,34,No,No,No,No,No,No,No,Yes,No,Yes,No
35979,277.47,Card,M,Yes,190000,35,No,No,No,No,No,No,No,No,No,Yes,No
99046,236.45,Cash,M,Yes,292000,49,No,No,No,No,No,No,Yes,No,Yes,No,No
40579,495.42,Cash,F,No,246000,45,No,No,No,No,No,No,No,Yes,No,No,Yes
48893,283.28,Cheque,F,No,106000,49,No,No,No,No,No,No,No,No,No,No,Yes
109048,425.79,Card,M,Yes,247000,49,Yes,No,No,Yes,No,No,Yes,Yes,No,Yes,No
25256,396.93,Card,M,Yes,216000,40,No,Yes,Yes,No,No,Yes,No,No,No,No,Yes
30504,275.03,Cheque,F,Yes,196000,37,No,Yes,No,No,No,No,No,No,No,Yes,No
33167,242.18,Cash,F,Yes,286000,21,No,No,No,No,No,Yes,Yes,No,No,No,No
43228,400.92,Cash,M,Yes,286000,44,Yes,No,No,No,No,No,No,No,No,No,No
104011,195.89,Card,F,Yes,191000,42,No,No,No,No,No,No,No,Yes,Yes,No,No
52451,490.56,Cheque,M,Yes,228000,47,No,Yes,Yes,No,No,No,No,Yes,No,No,No
75274,322.88,Card,M,Yes,204000,23,Yes,No,No,Yes,No,No,No,No,Yes,Yes,No
19193,223.49,Card,M,Yes,287000,21,No,No,No,No,No,No,No,Yes,Yes,No,Yes
32408,385.7,Cash,F,No,124000,32,No,No,No,No,No,No,Yes,No,No,No,No
96333,275.58,Card,M,Yes,296000,26,No,No,No,Yes,No,No,No,No,No,No,No
99410,411.35,Cash,F,Yes,130000,40,No,No,Yes,No,No,No,No,No,No,No,No
58343,133.66,Card,M,No,207000,44,No,No,Yes,No,No,No,No,No,No,No,Yes
12938,494.83,Cheque,F,Yes,126000,27,No,No,No,Yes,No,Yes,No,No,Yes,No,No
52903,386.38,Cash,M,No,241000,32,No,No,No,No,No,No,No,No,No,No,No
20844,243.92,Cash,F,No,136000,45,No,No,No,No,Yes,No,No,No,No,No,No
84605,178.49,Cheque,F,No,173000,48,Yes,No,No,No,No,No,No,No,No,No,No
83340,271.35,Cash,F,No,125000,44,No,No,No,No,No,No,Yes,Yes,Yes,No,No
34605,457.7,Card,F,No,220000,49,No,No,No,Yes,Yes,No,No,Yes,Yes,No,Yes
106494,465.81,Card,F,No,187000,44,Yes,No,No,No,No,No,Yes,Yes,No,No,No
99624,209.33,Cheque,F,Yes,244000,36,Yes,No,No,No,No,No,No,Yes,Yes,No,No
47923,260.39,Card,M,No,240000,38,No,No,Yes,Yes,No,No,Yes,No,Yes,No,No
71607,234.97,Cash,F,Yes,253000,23,Yes,No,Yes,No,No,No,No,No,No,Yes,Yes
103485,236.34,Cash,M,No,252000,20,No,No,No,No,No,No,Yes,No,No,No,No
27890,222.41,Card,M,No,239000,26,No,Yes,No,No,No,Yes,No,No,No,No,No
81851,139.83,Card,F,Yes,176000,19,Yes,No,Yes,No,No,No,No,No,No,Yes,Yes
36364,197.25,Card,F,No,176000,48,No,No,No,No,Yes,No,No,No,No,Yes,No
36951,129.53,Cheque,F,No,117000,32,No,No,No,No,No,No,Yes,No,No,No,Yes
106004,319.12,Cash,M,No,262000,27,No,No,No,No,No,No,No,Yes,Yes,No,No
40949,101.17,Cash,M,No,160000,39,Yes,No,Yes,Yes,Yes,Yes,Yes,No,No,No,No
35904,380.6,Cheque,F,Yes,284000,20,Yes,No,Yes,Yes,No,No,No,No,Yes,Yes,Yes
106489,140.77,Card,F,No,161000,41,No,No,No,No,No,No,No,No,No,No,No
80578,306.86,Card,F,No,108000,40,No,No,No,No,No,No,Yes,No,No,No,Yes
109504,328.44,Card,M,No,274000,21,No,Yes,Yes,No,No,No,No,No,No,No,Yes
28528,407.11,Cheque,F,No,276000,45,No,No,No,No,Yes,No,No,Yes,No,No,Yes
70664,368.27,Cash,M,Yes,226000,47,No,No,No,No,No,No,No,No,No,No,No
65088,119.4,Cheque,M,Yes,270000,19,Yes,Yes,No,No,No,No,No,No,No,Yes,Yes
90147,188.33,Cash,M,No,278000,30,No,No,Yes,No,No,No,No,No,No,No,No
28498,342.3,Cheque,F,Yes,124000,38,No,No,No,No,No,No,No,Yes,No,No,No
79890,374.33,Cheque,F,Yes,181000,50,No,No,Yes,No,No,No,No,No,No,Yes,No
42927,256.37,Card,F,No,146000,24,No,No,No,No,No,No,No,No,No,No,No
91913,428.92,Cash,M,Yes,132000,45,No,No,No,No,No,No,Yes,No,Yes,No,No
32083,114.41,Cheque,M,Yes,188000,42,No,Yes,Yes,No,Yes,No,No,No,No,No,No
100918,184.9,Cash,M,No,139000,27,No,No,No,Yes,Yes,Yes,Yes,No,No,No,No
89406,132.18,Cash,F,No,165000,37,Yes,No,No,No,No,No,Yes,No,No,No,No
23037,460.15,Cash,F,No,157000,45,Yes,No,No,Yes,No,No,No,No,Yes,No,No
103462,403.38,Cash,F,No,245000,26,Yes,No,No,No,No,No,Yes,Yes,No,No,Yes
89559,243.81,Cheque,F,Yes,154000,16,Yes,Yes,No,No,Yes,No,No,No,No,Yes,No
55629,496.01,Cash,M,No,271000,27,No,No,No,No,No,No,No,No,No,Yes,No
72986,259.76,Card,F,No,222000,36,No,No,No,No,No,No,Yes,No,No,No,No
19209,463.67,Card,M,No,169000,21,Yes,Yes,No,Yes,No,Yes,Yes,No,No,No,No
64752,188.47,Cash,F,Yes,141000,38,No,No,Yes,Yes,No,No,Yes,No,No,No,No
35519,302.37,Card,M,No,214000,32,No,No,No,No,No,Yes,No,No,No,No,No
103168,122.67,Card,F,No,159000,22,Yes,No,No,Yes,No,No,Yes,Yes,Yes,No,Yes
46071,181.2,Cash,F,Yes,251000,32,Yes,No,No,No,No,No,No,No,Yes,Yes,No
109132,302.88,Cash,F,No,151000,38,No,Yes,No,No,No,No,No,No,Yes,No,No
47343,489.55,Card,F,No,283000,41,No,Yes,No,No,No,Yes,No,Yes,No,No,Yes
47441,135.42,Card,F,No,216000,36,No,Yes,No,No,No,Yes,No,No,No,No,Yes
93891,365.95,Card,F,Yes,139000,20,Yes,No,No,No,No,No,No,No,No,Yes,No
13747,123.37,Card,F,Yes,187000,38,No,No,No,No,No,No,Yes,No,No,No,No
89041,250.85,Cheque,M,Yes,159000,25,No,No,No,Yes,No,Yes,Yes,No,No,No,No
55295,326.52,Card,F,Yes,124000,47,Yes,No,Yes,No,Yes,Yes,No,No,No,No,No
47489,230.23,Card,M,No,184000,41,No,No,No,No,No,No,No,Yes,No,No,Yes
59580,408.78,Cash,M,No,142000,50,Yes,No,Yes,Yes,No,Yes,Yes,No,No,No,No
98836,386.02,Cash,F,No,249000,29,No,No,No,Yes,No,No,No,Yes,No,Yes,Yes
92227,425.33,Cash,F,Yes,226000,29,Yes,No,No,Yes,No,No,No,Yes,No,No,Yes
34297,149.74,Card,F,Yes,226000,32,No,No,No,No,No,No,No,No,No,No,No
25774,387.71,Cash,F,No,267000,48,No,Yes,No,Yes,Yes,No,No,Yes,Yes,Yes,Yes
101031,475.2,Card,M,No,151000,16,No,No,No,Yes,No,Yes,Yes,No,No,No,No
14890,318.99,Cheque,M,No,187000,29,No,Yes,No,No,No,No,No,No,No,No,No
63420,227.58,Cheque,M,Yes,195000,21,Yes,No,Yes,No,No,Yes,No,No,No,Yes,No
103325,462.27,Card,F,Yes,171000,49,No,No,No,No,No,Yes,No,No,No,No,No
72849,207.74,Card,M,Yes,191000,47,Yes,No,No,No,Yes,No,Yes,No,No,No,No
10987,377.07,Cash,F,No,293000,21,Yes,No,Yes,No,No,No,No,Yes,No,No,Yes
31083,456.14,Cash,F,Yes,207000,26,Yes,Yes,No,Yes,No,No,No,Yes,Yes,Yes,Yes
50258,430.88,Cash,F,No,191000,25,No,Yes,No,No,No,No,No,No,No,No,No
70206,153.22,Cheque,M,No,180000,33,Yes,No,No,Yes,No,No,No,No,No,No,No
19519,124.08,Card,M,No,233000,31,No,No,Yes,No,No,Yes,Yes,No,No,No,Yes
14658,468.04,Card,F,No,247000,36,No,No,No,No,Yes,No,No,Yes,No,Yes,Yes
85860,304.11,Cash,F,No,184000,17,No,Yes,Yes,No,Yes,No,No,No,No,No,Yes
50087,409.25,Card,F,Yes,173000,45,No,No,No,No,No,No,No,Yes,No,No,No
96078,104.61,Cash,M,Yes,165000,37,Yes,No,No,Yes,No,Yes,Yes,No,No,No,Yes
82096,445.39,Cash,M,Yes,105000,23,Yes,No,No,Yes,No,Yes,Yes,No,No,Yes,Yes
41996,283.47,Card,F,No,239000,48,No,No,Yes,No,No,No,No,No,No,No,Yes
57207,391.62,Cheque,M,No,297000,48,No,No,Yes,No,No,No,No,Yes,No,No,Yes
105816,226.47,Card,F,Yes,139000,37,Yes,No,Yes,Yes,No,No,No,No,No,No,No
94231,272.6,Cash,M,No,116000,28,No,No,No,No,Yes,Yes,No,No,No,No,Yes
80869,100.45,Card,F,No,294000,29,No,No,No,No,Yes,No,No,Yes,No,No,No
51939,432.41,Card,M,No,115000,47,No,No,No,Yes,No,Yes,Yes,Yes,No,No,No
89484,406.55,Card,M,Yes,286000,47,No,No,No,Yes,No,No,Yes,No,No,No,No
99292,398.99,Card,F,Yes,198000,23,Yes,Yes,No,No,No,No,No,No,Yes,Yes,No
77232,287.94,Cheque,M,Yes,196000,22,Yes,No,Yes,No,No,No,No,No,No,Yes,No
79535,370.48,Card,F,Yes,184000,50,No,No,No,No,Yes,No,No,No,No,No,No
10944,453.27,Card,M,Yes,105000,46,No,Yes,Yes,Yes,No,Yes,Yes,No,No,No,No
42524,142.98,Cheque,F,Yes,257000,22,Yes,Yes,Yes,No,No,No,No,No,Yes,Yes,No
90360,151.37,Cash,F,Yes,160000,47,No,No,No,No,Yes,Yes,Yes,No,No,No,No
79446,182.45,Cash,M,No,170000,17,No,No,No,No,No,No,No,No,No,No,No
40090,414.85,Cheque,F,No,132000,25,No,No,No,Yes,No,Yes,No,No,No,No,No
83003,492.49,Cheque,F,No,171000,47,No,No,No,No,No,No,No,No,Yes,No,No
12694,158.63,Cash,F,Yes,221000,40,Yes,No,No,No,No,No,No,No,No,No,Yes
79632,125.36,Card,M,Yes,130000,43,No,No,No,Yes,No,Yes,Yes,No,No,No,No
95354,353.97,Cheque,M,Yes,133000,35,No,Yes,No,Yes,Yes,Yes,Yes,No,Yes,Yes,No
108596,393.3,Card,M,Yes,276000,44,No,No,No,No,Yes,No,Yes,No,No,No,No
44594,466.74,Cash,F,No,234000,50,No,No,No,No,No,No,No,Yes,No,No,Yes
24534,377.38,Card,F,No,170000,22,Yes,No,No,No,No,No,No,No,Yes,No,Yes
27462,397.47,Cash,F,No,223000,39,No,No,No,No,No,No,Yes,No,Yes,No,No
108153,205.8,Cash,F,Yes,235000,32,No,No,No,No,No,No,No,No,Yes,No,Yes
93974,465.1,Cash,M,Yes,132000,33,No,Yes,No,Yes,No,No,No,No,Yes,No,No
39042,498.32,Cash,F,Yes,242000,46,No,No,No,No,Yes,No,No,Yes,No,No,Yes
108718,156.2,Cash,M,No,216000,18,No,No,No,No,No,No,Yes,No,No,Yes,No
59071,280.76,Cheque,F,No,281000,35,No,No,No,No,Yes,No,Yes,No,No,Yes,No
72299,240.27,Cheque,F,No,258000,24,Yes,No,No,No,No,No,Yes,No,Yes,Yes,No
103546,455.89,Card,M,Yes,285000,44,No,No,No,No,No,No,No,No,No,No,No
52011,391.19,Cash,F,Yes,245000,25,No,No,No,No,No,No,Yes,No,No,No,No
81745,159.57,Card,F,No,124000,49,No,No,Yes,No,No,No,No,No,Yes,No,No
70428,236.08,Card,F,Yes,216000,42,No,No,Yes,Yes,No,No,Yes,Yes,Yes,No,No
85182,119.2,Card,M,Yes,276000,22,Yes,Yes,No,No,No,No,No,No,Yes,Yes,No
62175,179.18,Cash,M,Yes,133000,16,Yes,Yes,No,Yes,Yes,Yes,Yes,No,No,Yes,No
39715,282.12,Cash,M,No,202000,17,Yes,No,No,No,No,No,No,No,No,No,No
97328,240.25,Cash,F,No,143000,24,No,No,Yes,Yes,No,No,No,No,No,No,No
50064,470.82,Card,M,Yes,154000,20,Yes,No,Yes,Yes,No,Yes,Yes,No,No,Yes,No
72200,124.52,Cash,F,Yes,144000,48,Yes,No,Yes,No,No,No,No,No,No,Yes,No
14301,399.17,Cash,M,Yes,142000,33,No,Yes,Yes,Yes,No,Yes,Yes,No,No,Yes,Yes
109583,410.08,Card,M,Yes,292000,34,No,No,No,No,No,No,No,No,No,No,No
50647,385.63,Card,M,No,221000,25,No,No,No,Yes,No,No,No,No,No,No,No
95443,479.23,Card,M,No,290000,42,Yes,No,No,No,No,No,No,Yes,No,No,No
65225,438.56,Cheque,F,No,259000,48,No,No,Yes,No,No,No,No,No,No,No,No
67809,103.76,Cheque,F,Yes,116000,39,No,No,No,No,No,Yes,No,No,Yes,No,No
74314,387.03,Card,F,Yes,175000,31,Yes,No,No,No,Yes,Yes,No,No,No,No,No
57102,199.09,Cash,M,Yes,161000,30,No,No,No,Yes,No,Yes,Yes,No,No,Yes,No
61011,181.25,Cash,M,No,250000,21,No,No,No,No,No,No,Yes,No,No,No,Yes
52421,317.35,Card,M,Yes,150000,16,Yes,No,No,Yes,Yes,Yes,Yes,Yes,Yes,Yes,No
17064,153.25,Cheque,F,No,158000,45,No,No,No,No,No,No,Yes,No,No,No,No
28061,372.24,Card,F,No,232000,43,No,Yes,No,Yes,No,No,No,Yes,No,No,Yes
12291,419.51,Cash,M,Yes,267000,40,No,No,No,No,No,No,No,Yes,No,No,Yes
105095,480.78,Cash,F,No,180000,50,No,Yes,No,No,No,No,No,No,Yes,No,No
89958,344.23,Cash,F,No,194000,27,No,No,Yes,No,Yes,Yes,No,No,No,Yes,Yes
32432,283.84,Cheque,M,No,297000,34,No,Yes,No,No,No,Yes,No,No,No,No,Yes
70063,283.93,Cheque,M,Yes,187000,35,No,No,No,No,No,No,No,Yes,No,No,No
42037,497.61,Cash,M,Yes,299000,25,No,No,No,No,Yes,No,No,No,No,No,No
24258,348.28,Card,F,No,143000,23,No,No,No,No,No,No,No,No,No,No,No
109672,165.29,Card,M,No,156000,20,No,No,No,Yes,No,Yes,Yes,Yes,No,No,No
33891,120.01,Card,F,No,131000,47,No,Yes,No,No,No,No,No,No,No,Yes,No
44775,235.74,Cheque,F,Yes,264000,44,Yes,No,No,No,No,No,Yes,Yes,No,Yes,No
57101,207.58,Card,M,No,198000,49,Yes,No,No,No,No,Yes,No,No,No,No,No
13564,315.83,Cheque,F,No,129000,19,No,No,Yes,No,No,No,No,No,No,No,No
28427,129.73,Cheque,M,Yes,107000,32,No,No,No,Yes,No,Yes,Yes,No,No,No,Yes
24864,246.67,Cash,F,No,192000,38,Yes,No,No,Yes,No,Yes,No,No,No,No,No
61159,472.27,Card,M,Yes,250000,21,Yes,Yes,No,No,Yes,No,No,No,Yes,Yes,No
10645,184.8,Card,M,No,133000,20,Yes,Yes,No,Yes,No,Yes,Yes,No,No,No,No
96076,244.41,Cash,F,No,229000,36,No,No,No,Yes,No,No,No,No,No,Yes,Yes
66651,256.29,Cheque,F,No,279000,44,No,No,No,No,No,No,No,No,No,No,No
61342,265.89,Cash,F,Yes,189000,41,No,No,No,Yes,Yes,No,Yes,No,No,No,No
94754,450.85,Cash,F,Yes,297000,41,No,No,No,Yes,Yes,No,No,Yes,Yes,Yes,Yes
37917,229.28,Cash,F,Yes,105000,26,Yes,Yes,No,No,No,No,No,Yes,No,No,No
18517,425.09,Card,M,No,139000,38,Yes,Yes,No,Yes,No,Yes,Yes,No,No,No,No
14107,129.5,Card,F,Yes,275000,33,No,Yes,No,No,No,No,No,No,No,Yes,No
91117,336.1,Card,M,Yes,178000,21,Yes,No,No,No,No,No,No,No,No,Yes,No
28268,108.78,Cash,M,Yes,213000,26,No,No,Yes,No,No,No,No,No,No,Yes,No
76944,476.15,Cash,F,No,239000,34,No,No,No,No,No,No,Yes,Yes,No,No,Yes
58485,355.47,Cheque,M,Yes,280000,27,Yes,No,No,No,No,Yes,No,No,No,No,Yes
82801,425.43,Card,M,Yes,201000,28,No,No,No,Yes,No,Yes,No,Yes,No,No,No
54314,312.93,Cash,F,No,287000,44,No,Yes,No,No,No,No,No,No,No,No,No
106122,323.36,Cash,M,No,237000,22,No,No,Yes,No,No,No,No,Yes,No,No,No
105188,443.61,Cash,M,No,264000,39,No,No,No,No,No,No,No,No,Yes,No,No
73708,433.06,Cheque,F,Yes,219000,36,Yes,No,No,Yes,No,No,No,Yes,Yes,Yes,Yes
72900,144.63,Card,M,Yes,187000,17,Yes,No,Yes,No,No,No,No,No,No,Yes,No
29343,110.38,Cheque,F,Yes,273000,46,Yes,Yes,No,No,No,No,No,Yes,No,No,Yes
109884,358.21,Card,F,Yes,151000,18,Yes,No,No,No,Yes,Yes,No,No,Yes,Yes,Yes
32160,197.17,Cash,F,No,206000,33,No,No,No,No,No,Yes,Yes,No,No,No,Yes
59297,493.56,Cheque,F,Yes,220000,28,No,No,No,Yes,Yes,No,Yes,Yes,No,No,Yes
101544,385.66,Card,M,Yes,251000,47,Yes,No,No,No,Yes,Yes,No,No,No,No,No
94004,438.67,Card,M,Yes,280000,37,No,No,No,No,Yes,Yes,Yes,No,No,No,No
91074,465.64,Card,F,Yes,116000,19,No,No,No,Yes,No,Yes,No,No,No,No,No
78302,326.84,Card,M,No,205000,33,Yes,No,No,Yes,No,No,No,No,No,No,No
65006,105.46,Cash,F,Yes,126000,24,Yes,No,No,No,No,No,No,No,Yes,Yes,No
27496,163.27,Card,F,Yes,257000,48,No,No,No,No,No,Yes,Yes,No,No,No,Yes
27306,173.9,Cheque,F,Yes,106000,42,Yes,No,No,Yes,No,Yes,Yes,No,Yes,No,Yes
108855,328.41,Card,F,No,228000,30,No,No,No,No,Yes,No,No,Yes,Yes,Yes,Yes
30423,449.42,Cheque,F,No,122000,45,No,No,No,No,No,No,No,No,Yes,No,Yes
14015,318.65,Cash,M,Yes,172000,38,No,No,No,Yes,No,No,No,No,No,No,Yes
19211,359.54,Card,M,Yes,127000,28,No,No,No,Yes,No,Yes,Yes,No,No,No,Yes
18917,479.34,Card,M,Yes,121000,47,No,Yes,Yes,Yes,No,Yes,Yes,No,No,No,Yes
68104,123.29,Cheque,F,Yes,208000,45,No,No,No,Yes,No,Yes,Yes,No,No,Yes,No
109425,232.35,Card,F,No,203000,20,No,No,No,No,Yes,No,No,Yes,No,No,No
55550,314.75,Cash,M,Yes,215000,28,Yes,No,No,No,No,Yes,No,Yes,No,No,No
14514,316.01,Card,F,No,110000,45,No,No,No,No,Yes,No,No,No,Yes,No,No
103087,385.78,Cash,M,No,155000,35,No,Yes,No,Yes,No,Yes,Yes,Yes,No,No,No
56885,335.69,Cheque,M,Yes,155000,27,No,Yes,No,Yes,Yes,Yes,Yes,No,Yes,No,Yes
41866,204.51,Cash,F,Yes,161000,34,No,No,No,No,No,No,No,No,No,No,No
69372,115.39,Card,F,No,107000,35,No,Yes,No,No,No,No,No,No,No,No,Yes
105429,152.94,Cash,M,Yes,233000,43,Yes,Yes,No,No,No,Yes,No,No,No,No,No
15317,438.94,Card,M,No,237000,40,No,No,Yes,No,No,No,No,No,No,No,No
68156,181.15,Cheque,F,Yes,263000,40,No,No,No,No,No,No,Yes,No,Yes,No,No
104971,357.5,Cheque,F,No,249000,24,No,No,No,No,No,No,No,Yes,Yes,No,Yes
78626,330.97,Cash,M,Yes,237000,47,No,Yes,No,No,No,Yes,No,No,No,No,No
60153,471.56,Card,M,No,274000,31,No,Yes,No,No,Yes,No,Yes,Yes,No,No,No
80728,212.64,Cash,F,No,117000,28,No,Yes,No,Yes,Yes,Yes,No,No,No,No,Yes
100553,241.45,Card,M,Yes,215000,34,Yes,No,No,Yes,No,No,No,Yes,Yes,No,No
43962,116.76,Cheque,M,Yes,226000,49,No,No,No,No,No,No,No,No,No,Yes,No
78357,288.48,Card,F,Yes,286000,40,No,No,Yes,No,No,Yes,No,No,No,No,No
82796,185.93,Card,F,No,178000,17,No,No,No,No,Yes,No,No,No,No,No,No
40459,379.93,Card,F,Yes,237000,47,No,No,Yes,No,No,No,No,Yes,No,No,Yes
106499,269.58,Cash,M,No,107000,31,No,No,No,Yes,No,Yes,Yes,No,No,No,No
109224,200.95,Cheque,M,Yes,275000,18,Yes,No,No,No,No,No,Yes,No,No,Yes,No
32182,133.27,Cash,F,No,243000,29,No,No,No,No,No,No,Yes,No,No,No,No
100393,287.75,Cash,M,Yes,272000,22,Yes,No,No,Yes,No,No,No,No,No,Yes,Yes
26061,470.53,Cash,M,Yes,110000,22,Yes,Yes,No,Yes,Yes,Yes,Yes,No,No,Yes,No
47330,209.34,Cash,F,No,188000,21,Yes,No,No,No,No,Yes,No,Yes,No,No,Yes
94864,434.74,Cheque,F,Yes,142000,47,No,No,No,No,No,No,No,Yes,No,No,No
28959,215.85,Cash,M,Yes,236000,38,No,No,No,No,No,Yes,No,No,No,No,No
54462,388.38,Cash,M,Yes,159000,31,No,No,Yes,Yes,No,Yes,Yes,Yes,No,No,No
63880,167.47,Cash,F,Yes,208000,23,Yes,No,No,No,Yes,No,No,No,No,Yes,No
104630,496.88,Card,F,No,238000,19,Yes,No,No,No,No,No,No,Yes,No,No,Yes
11565,449.74,Cash,F,Yes,164000,19,No,Yes,Yes,Yes,No,No,No,Yes,No,Yes,No
93527,333.61,Cash,M,No,297000,38,No,No,No,No,No,No,Yes,Yes,No,No,No
88812,288.76,Card,F,Yes,105000,34,No,No,No,No,No,No,Yes,No,No,No,No
61107,303.14,Card,F,No,211000,30,Yes,No,Yes,No,No,No,No,No,No,No,No
104722,336.67,Card,M,No,167000,38,No,No,No,Yes,No,Yes,Yes,No,No,No,No
10915,124.62,Card,F,Yes,135000,22,Yes,No,Yes,No,Yes,Yes,No,No,No,Yes,No
33056,144.01,Cheque,M,Yes,235000,27,No,No,No,No,No,No,No,No,No,No,No
78967,361.66,Cheque,M,No,145000,25,No,No,No,Yes,No,Yes,Yes,No,No,No,No
81825,250.71,Card,F,Yes,123000,21,Yes,No,Yes,No,No,No,No,No,No,Yes,No
51846,370.74,Card,F,Yes,140000,21,Yes,No,No,No,No,No,No,No,No,Yes,No
58288,144.81,Card,M,Yes,160000,24,No,No,No,No,No,No,No,No,No,No,No
30459,326.75,Cheque,F,Yes,205000,29,No,No,No,Yes,No,No,No,Yes,No,Yes,Yes
70018,427.99,Cheque,F,No,258000,39,Yes,No,Yes,No,No,Yes,Yes,Yes,No,Yes,Yes
62789,151.6,Cash,M,Yes,140000,25,Yes,No,No,Yes,No,Yes,Yes,No,No,No,No
102887,333.15,Cheque,M,Yes,203000,46,Yes,No,No,No,No,Yes,No,No,No,No,No
83102,480.07,Cash,M,No,146000,47,No,No,No,Yes,No,Yes,Yes,No,No,Yes,No
57268,250.26,Cash,M,No,220000,25,Yes,Yes,No,No,No,No,No,No,Yes,No,No
78139,485.57,Cash,M,Yes,252000,29,Yes,No,No,Yes,Yes,No,No,No,No,No,No
86331,454.52,Card,M,Yes,103000,29,No,No,No,Yes,No,Yes,Yes,No,No,Yes,Yes
31384,372.05,Card,M,Yes,275000,27,No,No,No,Yes,No,No,No,No,No,No,No
63996,137.35,Cheque,F,Yes,226000,23,Yes,No,No,Yes,No,No,No,No,No,Yes,No
99025,290.79,Card,M,No,274000,42,No,Yes,No,No,No,No,No,No,No,No,No
95921,348.57,Cash,F,No,233000,43,Yes,No,No,No,No,No,No,Yes,No,No,Yes
99164,306.96,Cash,M,Yes,216000,26,No,No,Yes,No,No,No,No,No,Yes,No,Yes
